time,type,amount,nameOrig,oldbalanceOrg,newbalanceOrig,nameDest,oldbalanceDest,newbalanceDest,isFraud,isFlaggedFraud
15795,CASH_IN,60165.17,C3996840415,66838.54,6673.369999999995,C2164547123,8440.09,68605.26,0,0
860,CASH_OUT,81920.69,C5321118252,146174.07,64253.380000000005,C8560552146,99259.03,181179.72,0,0
76820,TRANSFER,88421.8,C1433539154,84002.2,0.0,C4102733279,108892.27,197314.07,0,0
54886,PAYMENT,22815.7,C6335342459,115671.95,92856.25,C5326715272,33688.11,56503.81,0,0
6265,CASH_IN,21212.36,C8344866777,166522.35,145309.99,C2302590308,152092.92,173305.28000000003,0,0
82386,DEBIT,61101.99,C3864117943,160833.11,99731.12,C6835406114,196985.82,258087.81,0,0
37194,CASH_IN,41108.74,C5949217911,173284.64,132175.90000000002,C5349068428,189154.94,230263.68,0,0
44131,DEBIT,83987.73,C6438150198,11923.47,0.0,C1785397155,39421.21,123408.94,0,0
60263,CASH_IN,90003.31,C9684539509,138410.11,48406.79999999999,C5264659713,175072.65,265075.95999999996,0,0
16023,CASH_IN,35348.6,C3505071846,27997.48,0.0,C4340271180,140898.73,176247.33000000002,0,0
41090,CASH_IN,23694.69,C4617353510,83163.71,59469.020000000004,C7202722837,90769.31,114464.0,0,0
67221,DEBIT,78054.75,C3357853072,109717.68,31662.929999999993,C9520812939,108122.2,186176.95,0,0
64820,DEBIT,27487.86,C1941774493,80547.9,53060.03999999999,C9815739916,169920.03,197407.89,0,0
769,CASH_IN,82263.21,C1144608012,103922.34,21659.12999999999,C1448460600,96026.99,178290.2,0,0
59735,TRANSFER,42379.59,C1921820562,199305.26,156925.67,C3443764204,74641.47,117021.06,0,0
62955,CASH_OUT,66758.31,C2787227922,27043.46,0.0,C2704197176,98649.5,165407.81,0,0
64925,CASH_OUT,9562.58,C4262506264,135091.21,125528.62999999999,C1008918562,115825.96,125388.54000000001,0,0
67969,CASH_OUT,62389.69,C6101746206,79200.19,16810.5,C3225994457,37815.53,100205.22,0,0
5311,DEBIT,45182.25,C4091480758,26601.96,0.0,C8363548275,180181.55,225363.8,0,0
83104,DEBIT,58664.98,C7244654153,31747.35,0.0,C7204628546,134837.39,193502.37000000002,0,0
53707,TRANSFER,16809.74,C8822990819,189854.62,173044.88,C9287781957,126653.78,143463.52,0,0
85305,CASH_OUT,73690.01,C7284278961,175920.3,102230.29,C1535210430,19899.25,93589.26,0,0
28693,CASH_OUT,86281.08,C7714274845,181408.39,95127.31000000001,C1226429665,120834.79,207115.87,0,0
71932,CASH_IN,21681.81,C4937590330,198306.56,176624.75,C7211254735,24192.13,45873.94,0,0
25658,DEBIT,9580.5,C7019163147,41663.08,32082.58,C3379323787,15739.54,25320.04,0,0
84478,CASH_OUT,2373.62,C9083094817,71087.87,68714.25,C2954534956,105462.18,107835.79999999999,0,0
18431,TRANSFER,64200.73,C8833067255,133843.81,69643.07999999999,C2306202006,80557.11,144757.84,0,0
2747,TRANSFER,60713.33,C8394737790,96760.51,36047.17999999999,C6591188645,117762.05,178475.38,0,0
59150,CASH_OUT,54674.27,C8657998172,83677.91,29003.640000000007,C9159334399,17844.43,72518.7,0,0
65725,DEBIT,23202.39,C8366035217,71562.25,48359.86,C7993954643,86196.61,109399.0,0,0
84654,TRANSFER,39096.69,C9142084304,118756.13,79659.44,C2883983182,34957.34,74054.03,0,0
35773,CASH_IN,59451.69,C7300579591,115118.69,55667.0,C3145543751,197420.02,256871.71,0,0
67435,TRANSFER,49681.72,C2461881221,32291.57,0.0,C4284688944,112230.04,161911.76,0,0
56886,PAYMENT,98778.67,C5039195563,94347.97,0.0,C8760033393,137487.37,236266.03999999998,0,0
66803,PAYMENT,13652.61,C1355260223,110694.36,97041.75,C5661192053,65083.66,78736.27,0,0
31551,DEBIT,69517.5,C4998130843,114057.39,44539.89,C4720230692,18947.78,88465.28,1,1
11394,CASH_OUT,40437.83,C1558044778,42021.44,1583.6100000000006,C7438956786,195174.17,235612.0,0,0
69092,DEBIT,42825.68,C2814127698,148454.28,105628.6,C6433620046,57251.81,100077.48999999999,0,0
3890,DEBIT,71762.6,C2620549829,5039.82,0.0,C7150438522,84761.64,156524.24,0,0
41606,DEBIT,69246.69,C1498313616,70966.37,1719.679999999993,C6241266262,129972.78,199219.47,0,0
80038,DEBIT,99125.69,C5476608982,156042.53,56916.84,C1443312143,4939.46,104065.15000000001,0,0
10627,CASH_IN,12848.15,C7720030620,112778.58,99930.43000000001,C7807674213,162051.83,174899.97999999998,1,0
8792,CASH_IN,10419.92,C4995053883,52232.49,41812.57,C8159433100,107315.64,117735.56,0,0
73969,TRANSFER,72436.64,C5892465326,138990.62,66553.98,C2147375055,55643.44,128080.08,0,0
43001,PAYMENT,57842.91,C4760292074,113478.19,55635.28,C1554420966,12321.6,70164.51000000001,0,0
76552,DEBIT,27423.33,C1785151076,159248.72,131825.39,C4188148883,32499.68,59923.01,0,0
23897,TRANSFER,7951.14,C2195888151,147005.04,139053.9,C7964369900,179006.77,186957.91,0,0
68148,PAYMENT,8574.97,C3903862723,122021.58,113446.61,C9157914670,137204.84,145779.81,0,0
23483,CASH_OUT,89420.15,C6450176200,97635.54,8215.39,C1573525178,49980.34,139400.49,1,1
48555,CASH_IN,19194.81,C3041855827,26636.43,7441.619999999999,C6955815876,13120.15,32314.96,0,0
17159,PAYMENT,32343.92,C5745114512,52266.6,19922.68,C9458898996,138123.06,170466.97999999998,0,0
80077,CASH_OUT,22673.37,C3141345269,83819.89,61146.520000000004,C7472514095,114481.55,137154.92,0,0
35920,PAYMENT,35506.08,C3044265826,119859.86,84353.78,C5004404799,80903.9,116409.98,0,0
67121,CASH_IN,6951.69,C8019798271,102741.57,95789.88,C4685970101,72722.29,79673.98,0,0
69479,CASH_IN,51910.79,C8605444834,57636.91,5726.120000000003,C1732726265,43362.86,95273.65,0,0
19457,TRANSFER,6770.58,C1798962700,1292.87,0.0,C5287235941,133922.25,140692.83,0,0
66557,DEBIT,80037.65,C7666087140,99247.84,19210.190000000002,C5616918218,194133.61,274171.26,0,0
77189,PAYMENT,23378.87,C2785836643,57125.2,33746.33,C2751899686,35143.05,58521.92,0,0
78953,PAYMENT,54005.79,C4735604389,146921.66,92915.87,C5387934273,119423.32,173429.11000000002,0,0
52995,CASH_OUT,88009.11,C4419827299,4789.25,0.0,C9984116387,84837.01,172846.12,0,0
40757,CASH_IN,65091.23,C4238504278,116965.56,51874.329999999994,C9071637114,89337.74,154428.97,1,1
9692,PAYMENT,53300.45,C1154355436,188294.85,134994.40000000002,C3208588222,50829.46,104129.91,0,0
45758,CASH_IN,32440.13,C6990338440,34881.85,2441.7199999999975,C4228933162,165026.98,197467.11000000002,0,0
72409,PAYMENT,33306.86,C8460772866,94329.9,61023.03999999999,C7821978707,97051.12,130357.98,0,0
71211,TRANSFER,66952.0,C3930000411,18284.4,0.0,C5570869885,108681.17,175633.16999999998,0,0
65697,DEBIT,99413.99,C7782506048,125136.38,25722.39,C4686501128,60952.18,160366.17,0,0
37065,PAYMENT,66187.3,C4536087088,110106.34,43919.03999999999,C7286208929,36361.69,102548.99,0,0
32606,CASH_IN,55782.76,C8653697589,81473.1,25690.340000000004,C5066819486,17182.08,72964.84,0,0
11534,TRANSFER,73067.74,C7630595124,104275.4,31207.65999999999,C6476813937,142823.83,215891.57,0,0
40397,PAYMENT,46525.91,C3955128393,179314.93,132789.02,C9295639124,39246.86,85772.77,0,0
1016,CASH_OUT,6023.63,C6333872140,39258.86,33235.23,C2452690926,138015.07,144038.7,0,0
55591,DEBIT,56234.06,C4913010277,4512.9,0.0,C9220036079,78075.29,134309.34999999998,0,0
23247,PAYMENT,95762.95,C8341743952,172332.98,76570.03000000001,C5213555586,83154.96,178917.91,0,0
24300,TRANSFER,17538.54,C5429922978,115423.42,97884.88,C8137422724,93835.5,111374.04000000001,0,0
74065,CASH_OUT,69003.59,C4161956738,178131.69,109128.1,C8803484377,73541.7,142545.28999999998,0,0
82798,TRANSFER,20101.36,C4891523339,119389.04,99287.68,C4219273684,20124.0,40225.36,0,0
9268,TRANSFER,53587.41,C6440328563,162032.22,108444.81,C4004476761,61926.36,115513.77,1,1
12185,CASH_OUT,9676.68,C8569059648,85934.67,76257.98999999999,C6613226238,132746.87,142423.55,0,0
63704,TRANSFER,45042.59,C8976310731,149971.99,104929.4,C8159435534,133156.88,178199.47,0,0
39099,CASH_OUT,75618.77,C1328070825,182608.29,106989.52,C1051187343,57244.86,132863.63,0,0
8571,PAYMENT,34763.68,C6874371304,114424.59,79660.91,C1599974146,92020.53,126784.20999999999,0,0
38044,CASH_OUT,66494.52,C6075531172,36157.03,0.0,C4733839681,38689.45,105183.97,0,0
51214,CASH_OUT,79547.04,C7165458310,53759.52,0.0,C8459612826,42074.42,121621.45999999999,0,0
61228,DEBIT,92718.51,C2468035736,39728.92,0.0,C7446918745,4609.42,97327.93,1,1
48984,CASH_OUT,23471.86,C4174094902,49371.41,25899.550000000003,C7754955069,179349.31,202821.16999999998,0,0
40774,CASH_OUT,39937.6,C6253876230,61283.09,21345.489999999998,C9322192600,42141.33,82078.93,0,0
2568,PAYMENT,15250.08,C7745888779,111026.76,95776.68,C3884758726,45506.78,60756.86,0,0
62592,DEBIT,99248.43,C3349189279,117598.33,18349.90000000001,C2092034759,55920.29,155168.72,0,0
67563,CASH_IN,92700.83,C3603379670,85299.95,0.0,C9697240404,25481.61,118182.44,0,0
2695,PAYMENT,54000.31,C2250455031,123084.16,69083.85,C7896659757,127852.58,181852.89,0,0
48190,PAYMENT,84204.91,C5949210170,16314.99,0.0,C3263663196,15028.59,99233.5,0,0
5258,CASH_IN,52100.59,C5026009756,17557.65,0.0,C8529588105,26840.49,78941.08,0,0
39504,CASH_OUT,62362.33,C7886085857,34365.89,0.0,C4124384245,128951.35,191313.68,0,0
33159,TRANSFER,8921.55,C9846414971,103615.5,94693.95,C7017884708,67932.12,76853.67,0,0
13986,DEBIT,75529.49,C7795534851,42798.94,0.0,C9365720390,141589.57,217119.06,0,0
61858,TRANSFER,12780.07,C9547882087,56656.88,43876.81,C6166215326,111484.95,124265.01999999999,0,0
12666,CASH_IN,82608.5,C2027179126,80062.57,0.0,C9582713716,51204.23,133812.73,0,0
38660,PAYMENT,78204.99,C3279499575,162373.22,84168.23,C3325134840,130165.59,208370.58000000002,0,0
3561,PAYMENT,70877.38,C8063465290,2772.43,0.0,C2220021496,23254.74,94132.12000000001,0,0
26854,DEBIT,3625.68,C1880387600,129875.76,126250.08,C7187927068,107282.08,110907.76,0,0
64505,PAYMENT,30319.8,C9143580600,133775.31,103455.51,C4835894313,87429.62,117749.42,0,0
52251,PAYMENT,26318.63,C8933639704,159731.16,133412.53,C6608426305,53574.72,79893.35,0,0
22662,DEBIT,36020.04,C6648513530,186550.59,150530.55,C4260906568,120801.0,156821.04,0,0
8392,DEBIT,8773.4,C2186430290,4027.57,0.0,C3661796762,174266.72,183040.12,0,0
30535,CASH_IN,93696.41,C3264586695,30756.74,0.0,C1332480086,199780.94,293477.35,0,0
78603,PAYMENT,55384.69,C5069031598,177234.26,121849.57,C7497578409,121552.55,176937.24,0,0
52256,PAYMENT,30559.38,C9850333854,91703.71,61144.33,C6706167420,80941.17,111500.55,0,0
35222,CASH_IN,39704.18,C3963526317,112918.13,73213.95000000001,C2384374585,45041.42,84745.6,1,1
77373,CASH_OUT,44725.78,C8258909465,132605.44,87879.66,C8631700532,51419.22,96145.0,0,0
79575,CASH_OUT,60063.43,C4996925809,135813.32,75749.89000000001,C5599014201,95891.0,155954.43,1,1
84651,CASH_OUT,51572.79,C3135940691,186348.08,134775.28999999998,C8131313233,73455.54,125028.32999999999,0,0
63335,CASH_IN,91940.0,C9781334775,199389.88,107449.88,C3135583123,182762.9,274702.9,0,0
10965,PAYMENT,49701.38,C7080136864,144031.49,94330.10999999999,C1082325440,73659.09,123360.47,0,0
24538,CASH_IN,99215.88,C6591689637,57444.24,0.0,C2855380218,74688.92,173904.8,1,1
70592,CASH_IN,85143.98,C5076229753,175950.48,90806.50000000001,C1141785204,76706.9,161850.88,0,0
8110,CASH_OUT,20858.97,C5133090861,9844.18,0.0,C6196558440,167324.04,188183.01,0,0
79309,TRANSFER,93060.22,C3666782085,46216.17,0.0,C8621729078,130157.66,223217.88,0,0
27266,PAYMENT,11645.48,C9283532861,179477.14,167831.66,C7963114943,122833.77,134479.25,0,0
52992,CASH_OUT,81746.8,C8562811837,51238.3,0.0,C7371904332,66828.6,148575.40000000002,0,0
82948,TRANSFER,38068.52,C7643711565,44130.21,6061.690000000002,C1062908951,163580.84,201649.36,0,0
6910,TRANSFER,87798.65,C6069383981,27625.06,0.0,C2088256242,7672.77,95471.42,0,0
206,DEBIT,86806.99,C2969663198,171822.35,85015.36,C9139291854,174159.43,260966.41999999998,0,0
23419,PAYMENT,80594.48,C7703904770,100011.65,19417.17,C2506578401,102549.98,183144.46,0,0
50636,TRANSFER,79005.14,C9005654021,134978.64,55973.500000000015,C5304946250,79650.05,158655.19,0,0
50015,CASH_OUT,30474.87,C3067311111,47813.28,17338.41,C9520918497,99433.46,129908.33,0,0
54268,DEBIT,8101.12,C1588406480,151608.08,143506.96,C5533102769,133483.11,141584.22999999998,0,0
18141,PAYMENT,40303.99,C3264447025,152001.11,111697.12,C6139646624,2553.09,42857.08,0,0
80356,CASH_IN,17360.72,C5762660520,62519.6,45158.88,C5068622511,174310.37,191671.09,0,0
71910,CASH_OUT,69498.16,C7539258301,82136.53,12638.369999999995,C3635749246,89347.91,158846.07,1,1
56044,TRANSFER,34616.51,C1941102411,41938.06,7321.549999999996,C8232618100,68593.3,103209.81,0,0
67214,TRANSFER,97561.26,C4948738833,195312.2,97750.94000000002,C3014596283,27649.11,125210.37,0,0
33827,CASH_OUT,64100.8,C5350928849,129120.52,65019.72,C6736712227,87893.07,151993.87,0,0
55820,TRANSFER,82249.83,C5355913093,186908.78,104658.95,C3467811766,99264.55,181514.38,0,0
62623,DEBIT,13261.14,C8294190864,60677.11,47415.97,C3210981455,80729.34,93990.48,0,0
81734,PAYMENT,86202.83,C5092660559,156378.18,70175.34999999999,C7499404370,135732.02,221934.84999999998,0,0
75450,DEBIT,92276.49,C9448426913,153171.73,60895.240000000005,C1460516676,84179.31,176455.8,0,0
22299,TRANSFER,48711.32,C4668855145,138331.13,89619.81,C7237867735,192283.52,240994.84,0,0
43585,CASH_IN,60629.23,C2968102826,193127.8,132498.56999999998,C3340681059,119855.5,180484.73,0,0
64044,PAYMENT,76483.33,C8968053340,78711.07,2227.7400000000052,C1708386257,161495.59,237978.91999999998,0,0
42557,PAYMENT,17492.11,C7885108779,26143.46,8651.349999999999,C5830184911,21871.18,39363.29,0,0
49080,CASH_OUT,50261.58,C4588049316,134341.77,84080.18999999999,C2571525521,79458.26,129719.84,0,0
2693,CASH_OUT,39872.32,C8664029219,145861.96,105989.63999999998,C6280204865,67369.54,107241.85999999999,0,0
69163,CASH_IN,14645.94,C2619140571,115012.11,100366.17,C1937604707,113896.48,128542.42,0,0
25939,PAYMENT,36759.77,C8751355646,41363.58,4603.810000000005,C9665826862,172222.7,208982.47,0,0
48925,CASH_IN,6826.55,C9787746772,100891.19,94064.64,C6034549849,15667.64,22494.19,1,0
42941,CASH_OUT,2590.93,C7505516598,62437.95,59847.02,C2851061008,14514.96,17105.89,1,0
21834,CASH_OUT,13525.28,C2055734938,85493.31,71968.03,C2824430558,170063.54,183588.82,0,0
18047,PAYMENT,96311.88,C2729859932,129043.72,32731.839999999997,C6762767408,42570.02,138881.9,0,0
26105,DEBIT,54957.46,C1001901740,149042.95,94085.49000000002,C1787798529,133750.65,188708.11,0,0
75766,TRANSFER,96582.56,C9166378211,46444.94,0.0,C7300793741,108575.63,205158.19,0,0
15707,CASH_OUT,43255.46,C1660596149,81065.07,37809.61000000001,C4509448273,166578.72,209834.18,0,0
21976,CASH_OUT,31188.5,C3068238662,53832.31,22643.809999999998,C9926237707,25017.78,56206.28,0,0
44262,DEBIT,50619.12,C3729209666,39726.32,0.0,C1422388217,25956.59,76575.71,1,1
23776,DEBIT,43956.77,C1140093021,156677.44,112720.67000000001,C7224586783,111363.67,155320.44,0,0
30080,CASH_IN,10575.41,C9837766754,181850.54,171275.13,C9334372010,189275.73,199851.14,0,0
66842,CASH_IN,64086.22,C2908534630,74046.44,9960.220000000001,C5092392516,82999.55,147085.77000000002,0,0
61373,TRANSFER,21611.66,C7966606864,150255.78,128644.12,C2027924329,65388.42,87000.08,0,0
6776,TRANSFER,61962.6,C9557474476,179399.06,117436.45999999999,C3680546736,121337.86,183300.46,0,0
55016,PAYMENT,65023.61,C9170043136,169224.84,104201.23,C3036142051,186089.72,251113.33000000002,0,0
9474,CASH_IN,15210.97,C9063180953,36562.68,21351.71,C2165786685,167385.57,182596.54,0,0
58053,CASH_OUT,6144.35,C5184896915,191258.38,185114.03,C1015901724,199096.72,205241.07,0,0
21959,CASH_IN,78078.35,C8901950266,75335.29,0.0,C1698195057,4513.72,82592.07,0,0
5530,CASH_OUT,45985.44,C1982235012,67848.13,21862.690000000002,C6796156312,22571.63,68557.07,0,0
3748,DEBIT,5825.8,C9402330816,12486.27,6660.47,C3922985806,121893.55,127719.35,0,0
13545,CASH_IN,99486.68,C1636419349,97234.73,0.0,C2286584579,164115.29,263601.97,0,0
66199,DEBIT,5787.48,C8213612023,21802.72,16015.240000000002,C7260962033,57048.87,62836.350000000006,1,0
34766,TRANSFER,69506.57,C1965896104,49707.96,0.0,C1410423216,47842.22,117348.79000000001,0,0
73530,TRANSFER,98368.06,C2852765763,63388.52,0.0,C9503191426,157395.16,255763.22,0,0
61087,PAYMENT,23925.62,C4088768255,161765.26,137839.64,C6042123625,11276.37,35201.99,0,0
68840,CASH_IN,14233.51,C8901278066,175097.73,160864.22,C3489348969,73876.53,88110.04,0,0
54384,DEBIT,12147.28,C4277525453,60493.26,48345.98,C9214576057,101161.84,113309.12,0,0
51005,CASH_OUT,30334.48,C9112709715,171739.62,141405.13999999998,C5325216367,112069.73,142404.21,0,0
46576,TRANSFER,10113.57,C2096544135,171446.19,161332.62,C4459579192,145723.03,155836.6,0,0
39353,TRANSFER,69219.21,C2269998959,152930.19,83710.98,C5624802252,70969.14,140188.35,0,0
62003,CASH_OUT,6238.56,C9730850861,29339.02,23100.46,C8210766176,122536.87,128775.43,0,0
83211,DEBIT,50947.12,C2564889562,138064.57,87117.45000000001,C1360616455,117075.08,168022.2,0,0
52733,DEBIT,99669.72,C2975695232,189004.81,89335.09,C9540501572,109523.22,209192.94,0,0
65318,CASH_IN,81398.89,C9998184302,136508.1,55109.21000000001,C1265267433,128096.66,209495.55,0,0
23664,CASH_IN,61525.79,C4121364131,66323.37,4797.5799999999945,C7535795266,51889.83,113415.62,0,0
67172,PAYMENT,30632.3,C8618869212,100115.86,69483.56,C6210671217,16929.75,47562.05,0,0
85616,TRANSFER,62393.34,C8837404163,129145.01,66751.67,C2119533308,23854.33,86247.67,0,0
26736,CASH_IN,52708.88,C2989831088,102114.08,49405.200000000004,C5692374408,44916.48,97625.36,0,0
854,DEBIT,42614.08,C9784940212,23990.59,0.0,C7010515841,100039.59,142653.66999999998,0,0
38623,CASH_OUT,13079.73,C2682871134,62412.81,49333.08,C7094254594,168088.55,181168.28,0,0
7392,DEBIT,88661.56,C7643028148,160479.21,71817.65,C7504993347,140258.67,228920.23,0,0
55680,TRANSFER,44983.97,C7579983016,172283.61,127299.63999999998,C4044978354,157808.12,202792.09,0,0
46717,DEBIT,19470.3,C3535882236,27460.01,7989.709999999999,C4891673830,70195.12,89665.42,0,0
50859,PAYMENT,36782.26,C1263414459,190477.35,153695.09,C9823357910,80930.75,117713.01000000001,0,0
26309,TRANSFER,41418.83,C6850502469,65764.52,24345.690000000002,C1079591041,78736.38,120155.21,0,0
63734,CASH_OUT,82755.51,C4105812280,132462.75,49707.240000000005,C1616849141,38374.64,121130.15,0,0
70467,PAYMENT,73364.1,C6156367015,150365.03,77000.93,C3825871531,12243.33,85607.43000000001,0,0
52662,TRANSFER,76932.8,C5338306132,162389.25,85456.45,C6341686111,118183.22,195116.02000000002,0,0
12688,CASH_OUT,1113.02,C2878970579,189149.94,188036.92,C6608775500,197843.34,198956.36,0,0
25342,PAYMENT,41621.24,C9812847445,62583.91,20962.670000000006,C7370014788,33365.94,74987.18,0,0
37157,PAYMENT,48139.6,C8437701106,171701.29,123561.69,C5566336617,9336.96,57476.56,0,0
67863,TRANSFER,1929.04,C4260176268,26337.38,24408.34,C4233455265,155906.34,157835.38,0,0
52083,CASH_IN,25988.72,C9143433245,141008.18,115019.45999999999,C3147629341,50517.2,76505.92,0,0
65733,PAYMENT,76031.38,C8808365412,148395.55,72364.16999999998,C7795658101,165928.76,241960.14,0,0
34698,PAYMENT,13719.6,C2085826159,135544.65,121825.04999999999,C1147760642,140787.33,154506.93,0,0
80623,CASH_OUT,53535.66,C5833369272,50462.95,0.0,C8021969720,189134.71,242670.37,0,0
22671,DEBIT,21528.04,C6742219759,174608.63,153080.59,C8984053655,81785.45,103313.48999999999,0,0
25184,TRANSFER,1221.96,C7037655267,33771.69,32549.730000000003,C2480774853,132393.97,133615.93,0,0
42107,TRANSFER,24127.73,C3329895221,10726.96,0.0,C9121876272,92970.96,117098.69,0,0
86202,CASH_IN,97587.62,C1642533319,143493.0,45905.380000000005,C8789390539,126117.74,223705.36,0,0
51663,CASH_IN,80155.7,C2635049743,95095.14,14939.440000000002,C4070698979,89919.78,170075.47999999998,0,0
15708,TRANSFER,95958.07,C5383750175,169819.6,73861.53,C6363542538,37726.45,133684.52000000002,0,0
49811,CASH_IN,48790.53,C2154687952,76679.43,27888.899999999994,C5958177937,101579.48,150370.01,0,0
2811,CASH_OUT,10982.52,C7364572373,33655.72,22673.2,C3691958883,105716.84,116699.36,0,0
56250,TRANSFER,54800.47,C2553533712,167288.44,112487.97,C8059722795,162120.77,216921.24,0,0
72082,CASH_IN,45443.19,C1558093946,109781.93,64338.73999999999,C6485293236,147104.14,192547.33000000002,0,0
34754,TRANSFER,84437.26,C3405575524,37839.16,0.0,C6777867242,132758.32,217195.58000000002,0,0
11411,DEBIT,9817.28,C8648185072,144076.8,134259.52,C5119235438,22677.42,32494.699999999997,0,0
2911,PAYMENT,48829.23,C4042940094,102222.73,53393.49999999999,C1826121330,144123.26,192952.49000000002,0,0
67270,TRANSFER,15013.37,C1739117618,120862.6,105849.23000000001,C3853315858,100061.03,115074.4,0,0
83763,PAYMENT,32474.35,C2927639934,92179.67,59705.32,C2474796362,178819.91,211294.26,0,0
8680,CASH_IN,73738.33,C1524116974,165741.8,92003.46999999999,C9671965055,183974.19,257712.52000000002,0,0
84896,PAYMENT,47607.05,C6775030584,165912.54,118305.49,C7164535322,11031.32,58638.37,0,0
83879,TRANSFER,37595.07,C1132533665,141877.76,104282.69,C7550486098,164128.31,201723.38,0,0
71295,DEBIT,39453.68,C9812823208,21080.28,0.0,C8518529948,7539.48,46993.16,0,0
11111,CASH_IN,45950.08,C1610617416,167770.77,121820.68999999999,C1624992032,73433.93,119384.01,0,0
37504,TRANSFER,78503.8,C1916517445,134202.6,55698.8,C6058973535,108460.0,186963.8,0,0
1802,CASH_IN,89209.55,C8151748435,139404.83,50195.279999999984,C2890560105,29620.16,118829.71,0,0
8155,CASH_OUT,95533.92,C2339961168,72596.57,0.0,C3483429040,149262.76,244796.68,0,0
73656,PAYMENT,78692.47,C5363952496,175855.91,97163.44,C7861779076,1670.94,80363.41,0,0
39384,CASH_OUT,31547.54,C7940288800,145074.32,113526.78,C8468649422,33719.81,65267.35,0,0
47254,TRANSFER,68816.59,C8916819105,22518.09,0.0,C1125283739,116159.37,184975.96,0,0
21918,DEBIT,43765.94,C1418820854,81555.61,37789.67,C3324600426,142877.51,186643.45,0,0
85981,CASH_IN,25474.52,C3294760416,177276.07,151801.55000000002,C9817170272,183328.62,208803.13999999998,0,0
60713,PAYMENT,84088.75,C3322437287,9439.34,0.0,C5534317172,141099.33,225188.08,0,0
30306,CASH_IN,3852.25,C2326433732,192283.32,188431.07,C9210808601,134355.85,138208.1,0,0
16646,TRANSFER,90177.18,C5803888103,135832.51,45655.330000000016,C7191212207,78868.23,169045.40999999997,0,0
46843,CASH_IN,46153.13,C5129668335,126275.2,80122.07,C1561234672,256.89,46410.02,0,0
16371,PAYMENT,63723.78,C8768693848,54111.85,0.0,C6544800129,24031.85,87755.63,0,0
77371,TRANSFER,65938.8,C1304476999,49758.36,0.0,C4732150917,106910.91,172849.71000000002,0,0
2049,CASH_IN,89512.82,C6358014963,188411.64,98898.82,C9179562545,135025.98,224538.80000000002,0,0
31616,DEBIT,63670.6,C1085021707,59654.49,0.0,C5298178665,83489.66,147160.26,0,0
20932,TRANSFER,61397.22,C6972934196,155101.06,93703.84,C5645779216,146135.8,207533.02,0,0
29855,TRANSFER,6674.54,C5015770501,78624.36,71949.82,C2075203257,104372.46,111047.0,0,0
61434,DEBIT,51845.62,C2849156100,27850.81,0.0,C8867197389,14835.24,66680.86,0,0
72694,CASH_OUT,15025.4,C4770914715,2143.06,0.0,C7284393717,38403.25,53428.65,0,0
43016,PAYMENT,73746.0,C7895590468,108851.47,35105.47,C7385878553,167999.64,241745.64,0,0
7400,CASH_OUT,51227.07,C6356389239,195155.76,143928.69,C9154715698,144982.55,196209.62,0,0
42642,CASH_IN,68025.98,C5655398961,73827.24,5801.260000000009,C9289010264,178952.4,246978.38,0,0
15151,DEBIT,4176.87,C1309714810,71438.47,67261.6,C2970123476,23511.45,27688.32,0,0
51407,CASH_OUT,8488.35,C6177159645,68818.32,60329.97000000001,C1780101001,198044.51,206532.86000000002,0,0
66690,TRANSFER,71635.18,C4370955859,104108.77,32473.59000000001,C2298779830,41881.34,113516.51999999999,0,0
4499,CASH_IN,7217.71,C8445268870,88132.98,80915.26999999999,C9808130056,2355.98,9573.69,0,0
6295,CASH_IN,7134.96,C8649319126,175982.93,168847.97,C8959124888,199484.59,206619.55,0,0
59040,CASH_OUT,1220.73,C7876683740,101104.16,99883.43000000001,C5009697505,56214.78,57435.51,0,0
12183,CASH_OUT,95650.57,C2396954903,101551.57,5901.0,C5832826146,133603.89,229254.46000000002,0,0
29299,DEBIT,73753.46,C9337701694,27674.32,0.0,C6935876226,35336.46,109089.92000000001,0,0
12874,PAYMENT,35331.61,C9223707496,196547.91,161216.3,C9711176169,116045.71,151377.32,0,0
32711,CASH_OUT,29660.59,C1049309063,49994.58,20333.99,C6835811574,180807.0,210467.59,0,0
5539,CASH_OUT,34976.83,C7228203069,14672.81,0.0,C4070465426,64036.23,99013.06,0,0
53351,TRANSFER,77467.61,C5196630729,132629.25,55161.64,C5142445378,134050.8,211518.40999999997,0,0
61267,CASH_IN,66140.45,C1442902849,119073.27,52932.82000000001,C7354941379,37580.72,103721.17,0,0
48354,PAYMENT,18527.7,C7647684665,83029.13,64501.43000000001,C5178333824,124959.08,143486.78,0,0
2557,TRANSFER,17419.19,C5204590491,84438.45,67019.26,C9610844251,67290.07,84709.26000000001,0,0
38360,DEBIT,9848.58,C7680801960,157012.78,147164.2,C5726429195,42241.65,52090.23,0,0
82018,DEBIT,66033.67,C1815250513,39142.53,0.0,C3186816808,62636.41,128670.08,0,0
2200,CASH_OUT,76439.62,C7795425235,164050.66,87611.04000000001,C5400923940,35768.21,112207.82999999999,0,0
68497,CASH_OUT,26511.99,C1878065584,129749.42,103237.43,C2747615439,180383.22,206895.21,1,1
46975,DEBIT,2104.29,C7514563169,83793.95,81689.66,C8926972444,79437.38,81541.67,0,0
21357,CASH_OUT,8226.35,C4178968866,91605.72,83379.37,C5473465486,49055.86,57282.21,0,0
77505,PAYMENT,96786.32,C8257544869,51329.44,0.0,C9268089320,89681.57,186467.89,1,1
2869,CASH_OUT,29551.52,C5913193113,150422.87,120871.34999999999,C5740083632,64107.23,93658.75,1,1
61135,CASH_IN,76924.62,C4975087598,102574.95,25650.33,C6449698967,148883.85,225808.47,0,0
50108,CASH_OUT,62470.11,C5588460051,64170.91,1700.800000000003,C8980645918,194243.98,256714.09000000003,0,0
38467,TRANSFER,38200.14,C8283394707,119210.02,81009.88,C9505157148,87606.73,125806.87,0,0
23328,PAYMENT,20576.67,C8050755380,199146.89,178570.22000000003,C8481929471,172206.68,192783.34999999998,1,1
3987,TRANSFER,12147.43,C8317732245,87052.46,74905.03,C1135347503,113172.61,125320.04000000001,0,0
58871,TRANSFER,61505.15,C7230650952,184138.28,122633.13,C1522290612,31447.13,92952.28,0,0
22399,CASH_IN,77465.63,C3886458719,69003.37,0.0,C9156245905,138124.55,215590.18,0,0
46214,PAYMENT,64393.99,C3258105786,10946.54,0.0,C3678958885,102686.9,167080.88999999998,0,0
70271,PAYMENT,53034.91,C1747675075,40848.42,0.0,C1497185600,130121.3,183156.21000000002,0,0
44064,PAYMENT,4204.7,C1502794834,83739.03,79534.33,C4625750810,177937.48,182142.18000000002,0,0
70091,PAYMENT,96849.19,C7223771608,43926.99,0.0,C5893266298,88086.91,184936.1,0,0
40818,PAYMENT,79873.43,C7924596020,45.41,0.0,C7529346550,180235.52,260108.94999999998,0,0
45525,CASH_IN,29289.28,C9328186802,183000.31,153711.03,C3887713808,150133.8,179423.08,0,0
19830,CASH_OUT,97997.23,C7980201315,168775.88,70778.65000000001,C9453392598,97720.99,195718.22,0,0
17429,TRANSFER,60192.14,C6899372957,148458.45,88266.31000000001,C5929988676,120644.43,180836.57,0,0
6893,PAYMENT,58246.44,C1216848364,33562.92,0.0,C5041032788,65116.23,123362.67000000001,0,0
79909,CASH_OUT,74809.84,C2656197420,24072.72,0.0,C2619235777,196719.46,271529.3,0,0
47333,CASH_OUT,81178.86,C3327829640,13520.95,0.0,C2174854054,133470.23,214649.09000000003,0,0
3436,TRANSFER,65651.3,C1946970249,144805.84,79154.54,C7011485357,8769.37,74420.67,0,0
74290,CASH_IN,12818.29,C3651064365,185761.59,172943.3,C5221352050,65324.38,78142.67,0,0
76213,DEBIT,33833.37,C8470701471,86107.16,52273.79,C8307300839,124662.89,158496.26,0,0
5895,DEBIT,92809.08,C3139067209,23828.13,0.0,C1061731354,11266.66,104075.74,0,0
19738,CASH_OUT,22469.32,C8485376282,102478.56,80009.23999999999,C9802589697,4776.84,27246.16,0,0
30746,TRANSFER,37222.98,C6699613361,69766.38,32543.4,C2467481145,90004.85,127227.83000000002,0,0
49377,DEBIT,43213.37,C9952005972,74964.98,31751.609999999993,C5094462643,66538.04,109751.41,0,0
48404,CASH_OUT,43946.1,C3202143098,124266.12,80320.01999999999,C4879174484,87659.72,131605.82,0,0
54045,CASH_IN,61297.83,C2882849178,143743.62,82445.79,C4065345043,52538.66,113836.49,0,0
39790,DEBIT,94308.15,C9573881234,22120.72,0.0,C8161135763,32943.55,127251.7,0,0
5600,CASH_OUT,24076.86,C3348814378,7118.05,0.0,C5834338328,137828.67,161905.53000000003,0,0
40764,CASH_OUT,12158.92,C3880529448,198866.06,186707.13999999998,C8582951032,102914.22,115073.14,0,0
74543,PAYMENT,19755.07,C8305170865,46545.67,26790.6,C6684143784,40030.84,59785.909999999996,0,0
45714,CASH_IN,88693.62,C4514870516,10766.1,0.0,C4518584130,63917.89,152611.51,0,0
56835,PAYMENT,64584.62,C9804762734,37975.07,0.0,C3304359936,118361.58,182946.2,0,0
73744,TRANSFER,28597.82,C9716653567,7791.57,0.0,C1914979730,14445.87,43043.69,0,0
56491,PAYMENT,81596.53,C1067917165,78362.18,0.0,C1359879480,29490.6,111087.13,0,0
18589,PAYMENT,86138.39,C1331335978,160480.36,74341.96999999999,C3512259041,14649.12,100787.51,0,0
43484,DEBIT,84652.97,C2824379825,68248.89,0.0,C6438422886,162463.47,247116.44,0,0
82989,CASH_OUT,91893.46,C7859474080,88836.68,0.0,C1134615736,150481.85,242375.31,0,0
36212,CASH_IN,25231.58,C6893555805,135117.35,109885.77,C5013304275,150662.59,175894.16999999998,0,0
43525,PAYMENT,75506.64,C9095860049,101778.81,26272.17,C9016346272,143265.07,218771.71000000002,0,0
47202,CASH_IN,46059.34,C6941160574,172289.14,126229.80000000002,C8169442003,133877.08,179936.41999999998,0,0
32635,PAYMENT,84201.44,C4379149303,173207.14,89005.70000000001,C6414558579,95398.38,179599.82,0,0
63208,TRANSFER,72851.78,C7001994114,1982.14,0.0,C1002695145,128455.63,201307.41,0,0
33828,PAYMENT,77646.98,C7500909925,155609.26,77962.28000000001,C9235792639,7672.31,85319.29,0,0
18711,DEBIT,65619.62,C2088160758,92146.72,26527.100000000006,C1437621735,124292.88,189912.5,0,0
3420,CASH_OUT,17751.1,C6546931975,197768.11,180017.00999999998,C5363344342,155575.54,173326.64,0,0
301,TRANSFER,54507.24,C7131047120,96646.42,42139.18,C5126730939,100071.67,154578.91,0,0
45236,PAYMENT,98467.13,C1885697020,197379.19,98912.06,C8287506446,71502.67,169969.8,0,0
66235,CASH_IN,93739.43,C8729733226,150913.87,57174.44,C6669600463,55485.35,149224.78,0,0
54240,TRANSFER,4326.94,C2432830246,49720.98,45394.04,C4277704521,128560.41,132887.35,0,0
65726,TRANSFER,16489.83,C4715977147,107679.0,91189.17,C2654018193,138560.24,155050.07,0,0
10492,PAYMENT,13181.56,C8987882532,198427.13,185245.57,C5486132164,174193.52,187375.08,0,0
6102,TRANSFER,72600.73,C1150357841,171506.12,98905.39,C7241736220,68466.82,141067.55,0,0
50336,CASH_IN,81780.36,C2766689537,19473.38,0.0,C7791722062,153954.46,235734.82,0,0
85314,TRANSFER,21359.0,C4752611385,141274.4,119915.4,C1339001120,112271.16,133630.16,0,0
26641,CASH_IN,50590.21,C7440010407,69115.92,18525.71,C1823222036,176567.3,227157.50999999998,0,0
34584,PAYMENT,84071.9,C4367200078,1396.45,0.0,C3038152470,105562.42,189634.32,0,0
32745,CASH_OUT,73282.83,C7442795070,80696.19,7413.360000000001,C2552575466,103525.97,176808.8,0,0
23093,TRANSFER,54228.3,C8666936319,46950.88,0.0,C2540720825,115575.42,169803.72,0,0
66105,CASH_OUT,59038.87,C1863712460,163773.85,104734.98000000001,C7568153692,149863.07,208901.94,0,0
51885,CASH_IN,50840.97,C3016596842,67466.12,16625.149999999994,C4459451345,192938.1,243779.07,0,0
36631,TRANSFER,29761.87,C5416563287,165504.74,135742.87,C5533050144,14712.67,44474.54,0,0
72991,DEBIT,56506.55,C5344327077,119.59,0.0,C7819988552,10686.92,67193.47,0,0
4014,CASH_OUT,68891.64,C7050652280,61563.83,0.0,C5013819807,187510.07,256401.71000000002,0,0
11093,TRANSFER,87333.56,C4968665189,48233.04,0.0,C4118409653,105975.13,193308.69,0,0
18070,CASH_OUT,63632.77,C5775490900,46713.47,0.0,C4941803538,122980.6,186613.37,0,0
35777,TRANSFER,76114.54,C4378087920,13637.32,0.0,C3266720801,96484.72,172599.26,0,0
56958,PAYMENT,16015.56,C9343108443,37424.85,21409.29,C8615697239,18731.49,34747.05,0,0
82074,CASH_OUT,46161.13,C4207381233,111109.91,64948.780000000006,C1456408586,153617.88,199779.01,0,0
10729,DEBIT,943.07,C4549739310,58272.21,57329.14,C6027422652,149444.93,150388.0,0,0
45017,DEBIT,24675.42,C1034206848,83478.96,58803.54000000001,C2921355997,62340.66,87016.08,0,0
66320,CASH_IN,72648.91,C4189145660,75373.38,2724.470000000001,C6542062095,61247.85,133896.76,0,0
27751,TRANSFER,99181.08,C9919082873,175180.98,75999.90000000001,C3887772180,167568.28,266749.36,0,0
78069,CASH_OUT,9926.82,C4556734700,181059.8,171132.97999999998,C6706981290,14471.45,24398.27,0,0
54748,CASH_IN,40155.42,C6899224240,98591.39,58435.97,C1792143135,176221.03,216376.45,0,0
5801,CASH_OUT,80009.1,C6461045561,66031.19,0.0,C3136816773,51332.34,131341.44,0,0
19190,TRANSFER,20411.52,C2368415088,21360.14,948.619999999999,C5624057992,118596.95,139008.47,0,0
49689,DEBIT,55512.94,C4880753980,190680.58,135167.63999999998,C2020312485,187198.84,242711.78,0,0
50993,PAYMENT,73309.8,C1333464581,12045.39,0.0,C6523714150,135624.5,208934.3,0,0
29592,DEBIT,61602.39,C7535219624,59530.06,0.0,C4104267830,82885.96,144488.35,1,1
10647,CASH_IN,18810.59,C8707257092,59613.24,40802.649999999994,C5060062820,137906.84,156717.43,0,0
8716,PAYMENT,35544.9,C9093335638,64080.26,28535.36,C9233782060,68795.93,104340.82999999999,0,0
70316,CASH_IN,78381.34,C2480824907,32857.37,0.0,C7800763822,55451.68,133833.02,0,0
2368,TRANSFER,55427.11,C1056912766,156632.29,101205.18000000001,C8809541240,199336.66,254763.77000000002,0,0
77575,PAYMENT,532.91,C6566032328,24499.57,23966.66,C8229831673,150158.05,150690.96,0,0
6655,CASH_IN,76101.47,C2972202734,126981.33,50879.86,C6083369158,128944.0,205045.47,0,0
70031,TRANSFER,3540.78,C2765633622,24769.21,21228.43,C8820788478,71057.93,74598.70999999999,0,0
76429,DEBIT,74575.92,C4100662431,14107.13,0.0,C7137011742,9832.17,84408.09,0,0
55766,TRANSFER,20256.03,C6947686259,181885.9,161629.87,C6443987167,6211.38,26467.41,0,0
13403,CASH_OUT,95807.77,C4180965110,38025.75,0.0,C3229976973,110836.25,206644.02000000002,0,0
32097,TRANSFER,36800.4,C7579413476,164250.03,127449.63,C3505152190,152406.54,189206.94,0,0
78657,TRANSFER,32699.89,C8685552747,108926.17,76226.28,C8450734426,107475.84,140175.72999999998,0,0
10966,CASH_OUT,14897.32,C6569656413,15571.3,673.9799999999996,C2380973754,168157.01,183054.33000000002,0,0
52921,CASH_IN,30567.37,C7620132085,191089.64,160522.27000000002,C5841394029,6685.31,37252.68,0,0
49726,CASH_IN,87666.31,C2482751389,49392.23,0.0,C9223550500,73350.42,161016.72999999998,0,0
50300,TRANSFER,99633.47,C2778979453,171929.07,72295.6,C7414721160,47414.08,147047.55,0,0
22677,CASH_OUT,36837.27,C9081678834,33762.0,0.0,C7563002453,89454.59,126291.85999999999,0,0
55609,CASH_OUT,44866.58,C5816786041,170788.58,125921.99999999999,C1472763227,14475.28,59341.86,0,0
56661,DEBIT,72209.87,C8020722158,2645.76,0.0,C1862055076,190826.33,263036.19999999995,0,0
31024,CASH_IN,88620.72,C1910079209,102356.09,13735.369999999995,C6132471914,44651.08,133271.8,0,0
70313,PAYMENT,59308.5,C6011930790,153888.52,94580.01999999999,C6641342315,184461.56,243770.06,0,0
53006,CASH_IN,39158.65,C6444303998,186959.1,147800.45,C7960238675,85178.63,124337.28,0,0
15338,CASH_IN,41268.06,C2781276808,181840.43,140572.37,C5776053925,197104.83,238372.88999999998,0,0
68027,DEBIT,69564.86,C9037895648,163924.97,94360.11,C7583528306,110811.68,180376.53999999998,0,0
80135,PAYMENT,331.79,C7063912871,177638.27,177306.47999999998,C1506832010,186166.57,186498.36000000002,0,0
19508,DEBIT,61962.74,C1874743708,39843.94,0.0,C4249310993,1069.8,63032.54,0,0
3051,PAYMENT,35555.75,C6701793121,56836.86,21281.11,C9999025661,149647.76,185203.51,0,0
48747,TRANSFER,79421.79,C7766331776,57793.7,0.0,C5412952461,180610.13,260031.91999999998,0,0
54021,PAYMENT,9308.13,C5390064220,75410.79,66102.65999999999,C7028527305,27944.11,37252.24,0,0
66412,DEBIT,58824.34,C3991991343,78664.13,19839.790000000008,C4112936358,19225.17,78049.51,0,0
58335,CASH_IN,48102.48,C3129031412,108911.06,60808.579999999994,C7465444791,84914.52,133017.0,0,0
56179,PAYMENT,64236.13,C2885901094,31975.95,0.0,C4202449289,186735.78,250971.91,0,0
32093,PAYMENT,6494.71,C7495213584,138249.33,131754.62,C7414447764,108477.31,114972.02,0,0
69678,CASH_OUT,58002.58,C4284795161,33513.31,0.0,C8429964950,105491.29,163493.87,0,0
80738,CASH_IN,56152.84,C3915843522,62061.7,5908.860000000001,C4817137220,28225.22,84378.06,0,0
39734,TRANSFER,56070.4,C5086412390,100669.03,44598.63,C7227978183,157.9,56228.3,0,0
72615,DEBIT,60352.73,C4334996160,159288.11,98935.37999999998,C1879263352,162028.02,222380.75,0,0
73523,TRANSFER,67650.03,C3625670717,147893.85,80243.82,C3789765780,17514.91,85164.94,0,0
17019,CASH_IN,80500.85,C4682113706,129106.87,48606.01999999999,C6594723985,126769.96,207270.81,1,1
83613,PAYMENT,26989.37,C3891571450,31154.65,4165.2800000000025,C2975606215,182923.29,209912.66,0,0
73847,PAYMENT,82506.69,C2752857986,109409.07,26902.380000000005,C9098416133,41730.38,124237.07,0,0
82750,CASH_IN,49830.59,C1953055210,17489.3,0.0,C5337961677,133054.57,182885.16,0,0
79634,PAYMENT,7715.06,C4140980533,75472.64,67757.58,C2424459585,15739.72,23454.78,0,0
28251,PAYMENT,5864.51,C2997397084,82703.31,76838.8,C8400473998,120751.03,126615.54,0,0
25945,PAYMENT,33430.49,C4754534485,7962.29,0.0,C3143655391,32786.34,66216.82999999999,0,0
32217,DEBIT,78491.85,C3283107526,54797.62,0.0,C1067413407,147190.71,225682.56,0,0
8308,DEBIT,70771.02,C7487813532,191129.89,120358.87000000001,C6841583429,60246.26,131017.28,0,0
5949,CASH_OUT,78863.61,C7032576424,190726.52,111862.90999999999,C9975717719,92678.2,171541.81,0,0
51990,TRANSFER,51731.73,C3080243470,70465.41,18733.68,C6398043930,119886.11,171617.84,0,0
1150,CASH_IN,44025.5,C9647348362,8620.02,0.0,C5692323159,34254.68,78280.18,0,0
74740,CASH_IN,14753.78,C2759816621,35818.99,21065.21,C1433540983,148327.56,163081.34,0,0
66617,CASH_IN,32825.99,C8077136440,78443.56,45617.57,C9589287079,60528.07,93354.06,0,0
16896,CASH_OUT,43407.6,C7353373701,189555.94,146148.34,C9599315406,132474.37,175881.97,0,0
46175,DEBIT,8869.16,C4191510887,28239.81,19370.65,C5901604375,31656.61,40525.770000000004,0,0
7805,CASH_OUT,22068.99,C5216400944,152703.17,130634.18000000001,C4954067729,137623.53,159692.52,0,0
5237,CASH_IN,59826.55,C2934790737,21736.51,0.0,C5101965162,25637.61,85464.16,0,0
20056,TRANSFER,73568.95,C7499866956,196251.52,122682.56999999999,C7535702410,85071.3,158640.25,0,0
45543,PAYMENT,99834.77,C5248657909,76323.3,0.0,C6423125225,49441.21,149275.98,1,1
56556,DEBIT,93312.0,C9773920489,155046.91,61734.91,C4979998249,149675.05,242987.05,0,0
3343,DEBIT,64260.09,C2917217090,68518.22,4258.130000000005,C6650259149,52407.0,116667.09,0,0
13500,CASH_OUT,42130.59,C9890597378,125533.78,83403.19,C8683460827,176343.46,218474.05,0,0
53222,DEBIT,63621.37,C8427006669,38403.22,0.0,C9112130165,178364.04,241985.41,0,0
29375,CASH_IN,78567.31,C6903348355,29204.2,0.0,C3974325044,39288.26,117855.57,0,0
9662,CASH_IN,11842.44,C6797969374,187612.83,175770.38999999998,C1450266080,122769.19,134611.63,0,0
16964,CASH_OUT,40996.39,C8912727807,183529.46,142533.07,C2150805345,17543.53,58539.92,0,0
59638,CASH_IN,83981.83,C2603058568,177493.79,93511.96,C7529186119,78307.42,162289.25,0,0
73666,TRANSFER,38389.46,C1445296119,125086.69,86697.23000000001,C9655693081,142664.35,181053.81,0,0
85067,CASH_OUT,57191.51,C9798917679,161653.64,104462.13,C4352534308,131884.65,189076.16,0,0
67215,TRANSFER,58781.06,C3495440803,13807.39,0.0,C6848058886,124940.13,183721.19,0,0
69042,PAYMENT,18455.78,C7648748345,66957.81,48502.03,C6923977062,56508.17,74963.95,0,0
13284,TRANSFER,36229.92,C3237992303,62740.62,26510.700000000004,C6052770356,75604.99,111834.91,0,0
72789,PAYMENT,33457.78,C2504110397,127129.06,93671.28,C9400540133,20589.23,54047.009999999995,0,0
84664,PAYMENT,2629.41,C8552708083,71191.55,68562.14,C6819385195,143804.56,146433.97,0,0
61389,TRANSFER,2428.93,C1062827874,29701.36,27272.43,C9470016249,100777.76,103206.68999999999,0,0
9435,CASH_OUT,83171.39,C1890098898,119293.42,36122.03,C1925620678,141753.13,224924.52000000002,0,0
54340,CASH_IN,27314.35,C2660521018,162876.78,135562.43,C6244462369,49788.7,77103.04999999999,0,0
44078,CASH_IN,51812.7,C2490193278,76424.7,24612.0,C8426904466,64887.65,116700.35,0,0
78832,PAYMENT,29879.57,C1681520569,26453.74,0.0,C7443698696,66843.07,96722.64000000001,0,0
51293,PAYMENT,94068.52,C2109093775,39337.64,0.0,C6021688872,5148.48,99217.0,0,0
78781,CASH_OUT,25937.08,C3326353652,47496.66,21559.58,C5340286232,68209.57,94146.65000000001,1,1
60403,DEBIT,42971.38,C8551700541,59979.52,17008.14,C9749800594,160660.91,203632.29,0,0
29124,TRANSFER,87274.3,C6613112139,128559.01,41284.70999999999,C3890991226,179459.7,266734.0,0,0
43919,PAYMENT,84194.94,C7077255100,120189.1,35994.16,C4791696623,103643.66,187838.6,0,0
35247,CASH_IN,18618.28,C4061356810,139215.97,120597.69,C7326446418,91100.34,109718.62,0,0
62752,CASH_OUT,80266.3,C6953735183,72500.4,0.0,C7526997525,6164.92,86431.22,0,0
56573,TRANSFER,45824.11,C9025746141,164799.53,118975.42,C2984443857,175840.87,221664.97999999998,0,0
59101,CASH_OUT,48302.06,C3511130329,40817.53,0.0,C5513381067,2602.04,50904.1,0,0
26646,TRANSFER,13356.66,C5868992177,93808.15,80451.48999999999,C9003915525,188950.02,202306.68,0,0
23049,TRANSFER,8069.35,C7231036694,160187.74,152118.38999999998,C5041048442,97843.25,105912.6,0,0
79605,PAYMENT,72796.65,C9411684157,36031.73,0.0,C8176310017,68386.9,141183.55,0,0
68385,CASH_OUT,49651.15,C7585264632,21972.62,0.0,C3853678446,184843.69,234494.84,0,0
40158,CASH_OUT,43690.7,C8508602818,176736.79,133046.09000000003,C7239532380,4878.2,48568.899999999994,0,0
65417,CASH_IN,72953.53,C6261514812,68585.93,0.0,C4588617929,116284.98,189238.51,0,0
23289,CASH_IN,76553.63,C3270854109,136774.02,60220.389999999985,C9425062635,109786.5,186340.13,0,0
9823,PAYMENT,15899.23,C4547289567,5069.72,0.0,C3671197941,43864.08,59763.31,0,0
60160,PAYMENT,61026.41,C6490933357,138009.38,76982.97,C9858130688,85777.49,146803.90000000002,0,0
41975,DEBIT,13544.05,C3811954074,63220.26,49676.21000000001,C2908859389,130452.8,143996.85,0,0
9540,CASH_IN,75139.99,C5566152777,11148.17,0.0,C1440218384,145426.24,220566.22999999998,0,0
16364,TRANSFER,65698.95,C8673853911,121962.55,56263.600000000006,C7594771719,143.37,65842.31999999999,0,0
4611,CASH_OUT,95661.9,C4211942227,48160.76,0.0,C1365689129,187370.69,283032.58999999997,0,0
27663,PAYMENT,6905.11,C2992822436,77361.45,70456.34,C6596106888,32905.07,39810.18,0,0
51991,CASH_OUT,5714.9,C7078413692,16116.16,10401.26,C5263294261,46716.09,52430.99,0,0
57679,CASH_OUT,28225.89,C4815924319,29432.65,1206.760000000002,C2261837634,52694.69,80920.58,0,0
30977,DEBIT,26177.95,C3706000699,59595.45,33417.5,C5371047701,7564.03,33741.98,0,0
49115,CASH_IN,24705.41,C8661244079,17951.9,0.0,C1702727469,24610.42,49315.83,0,0
60890,PAYMENT,90626.4,C7137443544,182165.25,91538.85,C7724215943,197269.98,287896.38,0,0
66387,CASH_OUT,24962.12,C2874407878,1209.41,0.0,C7459257252,63043.35,88005.47,1,1
18071,PAYMENT,27202.25,C5700100497,96772.04,69569.79,C9647975259,23060.22,50262.47,0,0
59275,TRANSFER,75942.23,C8507623175,24649.49,0.0,C4816688800,21398.25,97340.48,0,0
72369,DEBIT,44979.49,C8330812796,61535.82,16556.33,C2469679392,143891.99,188871.47999999998,0,0
11938,TRANSFER,77673.29,C5319528386,185211.91,107538.62000000001,C3413548748,170913.73,248587.02000000002,0,0
35195,PAYMENT,6545.96,C3000706394,32338.91,25792.95,C2351042745,51390.46,57936.42,0,0
4000,PAYMENT,48762.24,C2366248204,193166.46,144404.22,C1362370244,4181.9,52944.14,0,0
70588,CASH_IN,3371.02,C5128148258,41158.88,37787.86,C8237046021,44618.0,47989.02,0,0
38304,CASH_OUT,6274.69,C9648769437,148313.22,142038.53,C2546155660,11303.14,17577.829999999998,0,0
69449,CASH_OUT,90644.68,C9934486523,109335.45,18690.770000000004,C1329524499,20678.99,111323.67,0,0
82986,TRANSFER,13933.14,C9657549909,176895.75,162962.61,C2830934766,86301.62,100234.76,0,0
20764,DEBIT,53246.74,C5368625054,110798.65,57551.909999999996,C7194783623,45983.67,99230.41,0,0
86027,CASH_OUT,41115.45,C9231748503,106911.84,65796.39,C8166886856,103189.18,144304.63,0,0
38494,CASH_IN,34740.86,C8327894960,39091.6,4350.739999999998,C2354703080,50698.75,85439.61,0,0
3373,TRANSFER,89984.34,C9612896185,33245.87,0.0,C2019994800,188107.46,278091.8,0,0
12161,TRANSFER,2192.12,C2728015484,183297.83,181105.71,C5204427480,181188.79,183380.91,0,0
27350,CASH_IN,66382.33,C6972554066,65567.64,0.0,C6442834595,113361.22,179743.55,0,0
25351,DEBIT,96339.81,C1297762883,74416.45,0.0,C5700401357,70884.8,167224.61,0,0
15305,CASH_IN,56021.22,C3741573148,151964.73,95943.51000000001,C8150338827,76229.38,132250.6,1,1
75353,DEBIT,93682.88,C5889543228,67764.7,0.0,C3886302899,82370.46,176053.34000000003,0,0
76797,CASH_IN,5235.27,C6890487265,190412.49,185177.22,C7073648604,145515.86,150751.12999999998,0,0
65953,CASH_IN,41885.14,C3719026366,147585.55,105700.40999999999,C2152126521,90327.8,132212.94,0,0
57458,PAYMENT,26023.18,C2980696745,119485.85,93462.67000000001,C5292116671,171345.99,197369.16999999998,0,0
20358,TRANSFER,73084.79,C3164679693,176179.03,103094.24,C7213888573,188818.96,261903.75,0,0
3267,CASH_IN,98129.9,C6851597978,9921.18,0.0,C4949801825,67189.23,165319.13,0,0
82745,CASH_IN,25660.44,C5767685495,51412.54,25752.100000000002,C2336571212,112138.9,137799.34,0,0
38513,CASH_OUT,65420.92,C3712888235,93007.27,27586.350000000006,C3326141057,19011.31,84432.23,0,0
26092,TRANSFER,19817.78,C1233606486,45395.71,25577.93,C3703354270,40093.81,59911.59,0,0
11338,CASH_OUT,56537.37,C3767061562,148781.04,92243.67000000001,C2103438449,82693.15,139230.52,0,0
412,TRANSFER,46398.61,C1299791541,183841.61,137443.0,C9848098848,41240.54,87639.15,0,0
7543,CASH_OUT,97200.81,C7677332885,84754.02,0.0,C1827601942,175312.1,272512.91000000003,0,0
33496,CASH_IN,60856.64,C7784872177,68426.52,7569.880000000005,C4084223478,31657.25,92513.89,0,0
60692,CASH_IN,34957.14,C5074826157,192310.15,157353.01,C3497325676,91132.16,126089.3,0,0
44425,PAYMENT,11418.44,C5555263409,88970.49,77552.05,C1745913996,121139.85,132558.29,0,0
38756,CASH_OUT,15133.17,C8240028691,97809.68,82676.51,C3772813170,138372.78,153505.95,0,0
18888,DEBIT,22539.44,C9204302501,70329.97,47790.53,C7478337503,76613.87,99153.31,0,0
35735,PAYMENT,25104.16,C9081477644,181909.69,156805.53,C2142924966,173819.81,198923.97,0,0
47295,CASH_OUT,85063.1,C3510407489,113791.1,28728.0,C4578530934,113663.83,198726.93,0,0
83042,CASH_OUT,56126.67,C4581109168,152434.92,96308.25000000001,C7128018005,87901.56,144028.22999999998,0,0
85999,PAYMENT,52343.86,C8054817089,162361.34,110017.48,C8081263495,13448.13,65791.99,0,0
17955,CASH_IN,11485.74,C8475668554,68369.81,56884.07,C4123594291,92937.89,104423.63,0,0
37841,CASH_OUT,86015.37,C8312784019,86738.87,723.5,C5898441552,164147.17,250162.54,0,0
70640,CASH_IN,72284.2,C9227749584,169694.35,97410.15000000001,C7197427403,122908.2,195192.4,0,0
65510,PAYMENT,6776.16,C7858102506,72651.07,65874.91,C8941582490,166432.49,173208.65,0,0
34911,CASH_IN,70786.43,C5192691130,158787.03,88000.6,C7186360188,98802.33,169588.76,0,0
59031,TRANSFER,54358.39,C4436289238,188198.46,133840.07,C3356991551,23692.34,78050.73,0,0
7357,DEBIT,8181.72,C8263699408,124642.07,116460.35,C3504256625,2727.97,10909.69,0,0
32479,CASH_OUT,45835.48,C5844452205,148325.46,102489.97999999998,C3836120783,60643.91,106479.39000000001,0,0
61476,DEBIT,48474.78,C3874658576,161019.46,112544.68,C7071936549,139598.09,188072.87,0,0
44811,CASH_IN,16585.8,C6609448348,169007.93,152422.13,C2285262172,158051.98,174637.78,0,0
36208,CASH_OUT,94570.36,C7082610246,79010.67,0.0,C4213089379,59150.57,153720.93,0,0
20150,CASH_IN,84999.04,C7334866170,10252.69,0.0,C6189513118,99130.78,184129.82,0,0
71180,TRANSFER,66905.54,C9342473431,80375.25,13469.710000000006,C1539514958,84223.78,151129.32,0,0
43286,PAYMENT,46234.93,C5616321951,134751.25,88516.32,C2335764902,82104.56,128339.48999999999,0,0
68450,CASH_OUT,41182.44,C3275822675,90070.08,48887.64,C9099973807,46269.74,87452.18,0,0
21352,TRANSFER,65100.84,C6008025592,149792.63,84691.79000000001,C4157879910,27274.22,92375.06,0,0
55069,TRANSFER,54547.73,C8003291839,71396.49,16848.760000000002,C8719502798,39337.71,93885.44,0,0
14397,CASH_OUT,6236.69,C5383103543,126948.83,120712.14,C9106500331,11066.48,17303.17,0,0
41555,CASH_IN,51255.14,C2519115683,37283.96,0.0,C7815031287,39626.15,90881.29000000001,0,0
46959,TRANSFER,80642.3,C2299137548,149873.89,69231.59000000001,C5736941304,1840.18,82482.48,0,0
728,DEBIT,45929.4,C1730640153,109139.19,63209.79,C8430852548,125451.68,171381.08,0,0
50517,TRANSFER,5205.14,C9152870403,40812.88,35607.74,C6958176399,63275.08,68480.22,0,0
66234,CASH_IN,78629.96,C8856844830,58382.23,0.0,C6071817459,194628.94,273258.9,0,0
39954,CASH_IN,20144.36,C3055125183,149721.74,129577.37999999999,C8450745246,38743.41,58887.770000000004,0,0
47280,DEBIT,25869.5,C8647429897,96520.25,70650.75,C2626393366,69165.71,95035.21,0,0
79459,TRANSFER,16478.99,C6633664919,43206.29,26727.3,C5099214649,71568.23,88047.22,0,0
16779,CASH_IN,33028.2,C9603424683,193454.24,160426.03999999998,C8360079637,1690.3,34718.5,0,0
63932,CASH_OUT,75677.58,C9054805846,143025.0,67347.42,C9587649185,167841.59,243519.16999999998,0,0
72936,PAYMENT,51943.39,C2897286720,191426.97,139483.58000000002,C7888785835,6398.89,58342.28,0,0
24466,PAYMENT,20496.08,C4071702454,85421.01,64924.92999999999,C5507969777,188035.97,208532.05,0,0
36939,PAYMENT,87784.23,C6505800372,95020.07,7235.840000000011,C9996586361,178414.87,266199.1,0,0
69896,TRANSFER,87959.39,C1819161877,179591.04,91631.65000000001,C1141118453,107104.38,195063.77000000002,0,0
35270,DEBIT,87059.14,C2490621528,105009.87,17950.729999999996,C7438885398,108719.11,195778.25,0,0
59163,CASH_IN,23887.23,C9783042510,141455.78,117568.55,C7874553143,130755.58,154642.81,0,0
82637,CASH_OUT,45129.42,C4286338591,50434.58,5305.1600000000035,C9858283125,77410.0,122539.42,0,0
51934,CASH_OUT,98499.12,C5039069735,89345.29,0.0,C4097635516,129444.46,227943.58000000002,0,0
64895,TRANSFER,77203.53,C7317327180,24689.97,0.0,C8237885139,8953.68,86157.20999999999,0,0
32307,PAYMENT,2726.47,C5824247183,41196.01,38469.54,C9512183408,10809.53,13536.0,0,0
54098,TRANSFER,6529.81,C3206972127,188.68,0.0,C5072481594,91446.08,97975.89,0,0
60921,DEBIT,46398.5,C9174602727,7853.01,0.0,C7385547106,109924.46,156322.96000000002,0,0
5486,DEBIT,90922.93,C4822021484,195456.76,104533.83000000002,C8954147372,177563.53,268486.45999999996,0,0
8335,CASH_IN,53874.79,C4512666096,48470.74,0.0,C7223765770,20932.13,74806.92,0,0
11130,CASH_IN,49786.27,C3191070597,132662.14,82875.87000000002,C8715701573,164529.59,214315.86,0,0
60566,DEBIT,10556.32,C3202876091,167819.94,157263.62,C8086490286,42009.47,52565.79,0,0
66703,DEBIT,65681.44,C9029896973,110132.09,44450.649999999994,C8532377059,78816.73,144498.16999999998,0,0
27192,DEBIT,82212.1,C4185158988,30628.9,0.0,C3671509136,63320.49,145532.59,0,0
1062,TRANSFER,38048.2,C5860415166,145623.29,107575.09000000001,C8514536139,80031.05,118079.25,0,0
84076,DEBIT,77563.43,C8965890679,120050.28,42486.850000000006,C4124859431,30099.1,107662.53,0,0
21545,CASH_OUT,96448.02,C8963989442,146250.12,49802.09999999999,C6840251060,100714.01,197162.03,0,0
21689,PAYMENT,20384.61,C2746148085,153949.32,133564.71000000002,C5777661199,160328.52,180713.13,1,1
11174,DEBIT,52337.73,C9174142159,195082.07,142744.34,C7409816755,88306.8,140644.53,0,0
9348,PAYMENT,28720.92,C7888487519,114712.66,85991.74,C2189511024,98122.72,126843.64,0,0
23714,TRANSFER,79287.51,C3476538277,68328.22,0.0,C8327150918,169753.52,249041.02999999997,0,0
38102,PAYMENT,57763.56,C4374311429,129692.91,71929.35,C6318069046,141211.62,198975.18,0,0
74460,TRANSFER,63461.9,C6380728351,13688.14,0.0,C2669345328,98090.88,161552.78,0,0
6801,CASH_OUT,79793.44,C4133023034,179479.46,99686.01999999999,C4828164211,51539.13,131332.57,0,0
72267,TRANSFER,39603.09,C9540635443,23876.2,0.0,C1623736710,176985.35,216588.44,0,0
48136,TRANSFER,91509.86,C1108393598,65568.57,0.0,C5135873116,115404.08,206913.94,0,0
23625,CASH_IN,53307.56,C2085106462,163149.08,109841.51999999999,C7904957254,44229.52,97537.07999999999,0,0
82873,DEBIT,15803.9,C7528668372,119462.48,103658.58,C5223615942,53823.95,69627.84999999999,0,0
72592,DEBIT,69592.95,C7536738387,78727.1,9134.150000000009,C8907495703,160626.62,230219.57,0,0
77052,CASH_OUT,79328.2,C8523391875,94687.13,15358.930000000008,C9744406344,8829.11,88157.31,0,0
44261,CASH_OUT,31683.0,C3677816876,170909.48,139226.48,C2199778444,198418.44,230101.44,0,0
1542,DEBIT,85719.35,C5524810160,68000.88,0.0,C9259946724,26070.34,111789.69,0,0
21677,CASH_IN,90615.26,C1996671824,173929.94,83314.68000000001,C9980246346,159213.71,249828.96999999997,0,0
46732,DEBIT,27697.68,C6434723235,17626.89,0.0,C4209354782,78955.06,106652.73999999999,0,0
50343,CASH_IN,98352.31,C3380861312,155359.69,57007.380000000005,C6194409318,98443.24,196795.55,1,1
39081,CASH_OUT,14079.75,C2262501783,169509.53,155429.78,C9417207292,176130.12,190209.87,0,0
62856,PAYMENT,20209.55,C6313238343,36363.53,16153.98,C4898759972,82582.24,102791.79000000001,0,0
19065,CASH_OUT,18430.64,C9368756442,86069.31,67638.67,C4134340500,107498.75,125929.39,0,0
83460,CASH_OUT,89400.03,C5057308438,33099.95,0.0,C9933610438,9859.93,99259.95999999999,0,0
54693,TRANSFER,65432.71,C7914646343,141320.83,75888.12,C6838856071,469.49,65902.2,0,0
26962,TRANSFER,15218.91,C8670006894,107069.55,91850.64,C4686668516,48959.97,64178.880000000005,0,0
28295,TRANSFER,44037.94,C9617573604,127064.67,83026.73,C6293993256,136116.62,180154.56,0,0
13807,TRANSFER,61533.65,C4317932187,39297.39,0.0,C5791061194,24252.98,85786.63,0,0
42348,CASH_IN,8355.57,C4017164476,42349.17,33993.6,C1946773529,22752.39,31107.96,0,0
26432,DEBIT,88242.81,C8560964853,8299.47,0.0,C7441090410,82192.12,170434.93,0,0
83285,PAYMENT,80362.32,C7497951230,64413.51,0.0,C1263469930,129567.41,209929.73,0,0
57854,CASH_OUT,50525.63,C4024014621,111948.93,61423.299999999996,C9463467845,142414.4,192940.03,0,0
40262,CASH_IN,96712.99,C4041360109,171586.98,74873.99,C3400685880,35690.13,132403.12,0,0
37080,PAYMENT,41781.92,C7338030929,133385.49,91603.56999999999,C2444800060,15917.63,57699.549999999996,0,0
1324,CASH_IN,98411.19,C3896524458,87079.26,0.0,C3990853856,188079.41,286490.6,0,0
35909,CASH_IN,66795.32,C4276601949,190624.02,123828.69999999998,C8488715785,52133.28,118928.6,0,0
19870,CASH_OUT,63470.78,C1195217007,143849.04,80378.26000000001,C2362745792,170669.3,234140.08,0,0
34578,DEBIT,16603.83,C3011462835,186033.04,169429.21000000002,C3077535076,172698.29,189302.12,0,0
72124,TRANSFER,88193.96,C8617351019,105517.59,17323.62999999999,C5406190056,154504.52,242698.47999999998,0,0
26790,DEBIT,42754.69,C4663529784,51780.85,9026.159999999996,C6519942430,33766.72,76521.41,1,1
25289,CASH_OUT,16231.72,C9574465390,10565.34,0.0,C9596811629,164360.29,180592.01,0,0
55129,CASH_OUT,1270.63,C4418825771,145216.97,143946.34,C2216416675,153850.11,155120.74,0,0
15485,CASH_OUT,55979.97,C6220536015,24260.6,0.0,C4785628569,119344.6,175324.57,0,0
44482,PAYMENT,52744.69,C2443139359,60555.03,7810.3399999999965,C3549701264,67440.41,120185.1,0,0
86188,DEBIT,71938.17,C4321646316,106494.18,34556.009999999995,C7905718268,52501.72,124439.89,0,0
4748,DEBIT,89026.9,C9224715768,112883.32,23856.420000000013,C2732436481,24377.84,113404.73999999999,0,0
9435,CASH_IN,7949.86,C1812346247,120116.64,112166.78,C1815755011,101951.41,109901.27,0,0
3709,CASH_IN,73152.33,C8282652427,33251.07,0.0,C3817504373,117052.18,190204.51,0,0
30355,CASH_IN,18749.32,C3623240298,75947.48,57198.159999999996,C2465225206,71867.8,90617.12,0,0
55771,CASH_OUT,85819.12,C5533445490,123438.85,37619.73000000001,C4210543769,95071.81,180890.93,0,0
57799,DEBIT,81908.16,C1905299424,193963.77,112055.60999999999,C6022630967,72702.89,154611.05,0,0
13116,CASH_OUT,54083.97,C4678611156,145526.23,91442.26000000001,C5186604589,128201.21,182285.18,0,0
25470,PAYMENT,71027.18,C4586580903,184520.75,113493.57,C3843748626,180251.84,251279.02,0,0
42344,CASH_IN,31441.87,C6866434901,152442.41,121000.54000000001,C4919584321,32784.05,64225.92,0,0
42918,CASH_OUT,47122.08,C6660979813,118343.39,71221.31,C7174643861,76281.76,123403.84,0,0
52224,CASH_OUT,82165.47,C4218760172,38404.67,0.0,C6753935984,28173.72,110339.19,0,0
39298,PAYMENT,45931.93,C5670985927,133337.13,87405.20000000001,C2232598916,124988.75,170920.68,0,0
80219,TRANSFER,35786.25,C2214621616,124675.91,88889.66,C6368226380,145774.1,181560.35,0,0
61629,DEBIT,49426.3,C2426812052,120493.83,71067.53,C6971403746,186382.55,235808.84999999998,0,0
66040,TRANSFER,82826.64,C9768172135,97957.17,15130.529999999999,C5420053003,55774.39,138601.03,0,0
28016,CASH_IN,33527.45,C3806260741,105731.32,72203.87000000001,C4873672106,190042.24,223569.69,0,0
23960,CASH_OUT,17384.42,C6564793883,66888.51,49504.09,C2917078311,12652.53,30036.949999999997,0,0
33591,PAYMENT,71204.28,C7956197413,103862.54,32658.259999999995,C3365197652,120602.77,191807.05,0,0
82848,PAYMENT,82599.56,C9215976112,39511.18,0.0,C5056440662,11426.54,94026.1,0,0
67641,DEBIT,10072.74,C7251836684,161034.88,150962.14,C3038911713,178754.84,188827.58,0,0
36395,TRANSFER,23995.01,C2489863907,37155.39,13160.380000000001,C6404755273,105961.81,129956.81999999999,0,0
22700,DEBIT,14205.78,C8707236434,16993.26,2787.4799999999977,C9158722403,133869.67,148075.45,0,0
34620,CASH_OUT,34800.66,C6489522939,87249.21,52448.55,C9962517146,166314.79,201115.45,0,0
20559,DEBIT,45040.59,C1382207913,131661.49,86620.9,C7895331576,30062.12,75102.70999999999,0,0
61642,PAYMENT,74885.15,C9554269487,87543.36,12658.210000000006,C1245220132,7718.31,82603.45999999999,0,0
76539,PAYMENT,65118.25,C2030746478,55350.83,0.0,C8184732480,175776.23,240894.48,0,0
21732,CASH_IN,62096.65,C7222457580,111634.24,49537.590000000004,C7573121969,62986.65,125083.3,0,0
30354,CASH_IN,35243.97,C4922304510,69400.47,34156.5,C8141610344,25795.78,61039.75,0,0
13843,CASH_OUT,84146.34,C6108405826,186573.54,102427.20000000001,C2815493710,93692.25,177838.59,0,0
71726,TRANSFER,47134.0,C5316556183,184529.03,137395.03,C6157728199,119661.22,166795.22,0,0
17640,DEBIT,97910.7,C5553079413,100474.36,2563.6600000000035,C3799752133,6194.12,104104.81999999999,0,0
52528,CASH_OUT,63417.87,C9180909128,65576.8,2158.9300000000003,C8642821346,54979.13,118397.0,0,0
38413,CASH_IN,12635.21,C8076029331,147426.48,134791.27000000002,C8589940416,6559.97,19195.18,0,0
52638,DEBIT,67620.99,C6056003282,7342.59,0.0,C8487392753,84067.08,151688.07,0,0
52736,CASH_IN,32517.15,C1493049026,94953.8,62436.65,C4993425036,179020.01,211537.16,0,0
68866,DEBIT,68635.86,C9338820378,67264.68,0.0,C9366009768,196530.48,265166.34,0,0
19087,TRANSFER,6973.42,C2071414827,184107.18,177133.75999999998,C5592627895,127409.51,134382.93,0,0
41430,CASH_OUT,17496.39,C8374976686,2400.61,0.0,C2748381449,32327.54,49823.93,0,0
24504,DEBIT,85575.17,C8972028374,110562.98,24987.809999999998,C6268783374,181169.88,266745.05,0,0
7114,PAYMENT,22725.68,C2890034933,148132.72,125407.04000000001,C9978613303,103249.56,125975.23999999999,0,0
78859,PAYMENT,83705.74,C4134088769,97003.6,13297.86,C6109101989,30749.86,114455.6,0,0
10975,DEBIT,27934.82,C9333184898,17080.61,0.0,C7145846257,184345.33,212280.15,0,0
11023,DEBIT,64291.76,C7888255636,194492.28,130200.51999999999,C7176256593,151493.81,215785.57,0,0
21447,DEBIT,69418.12,C4707138899,103602.09,34183.97,C7533391402,146341.05,215759.16999999998,0,0
23959,PAYMENT,51270.35,C4532587635,122837.25,71566.9,C5938255174,141836.14,193106.49000000002,0,0
66203,PAYMENT,30538.01,C6039470036,47321.96,16783.95,C5576627293,40067.96,70605.97,0,0
29703,DEBIT,21272.31,C7381537276,96699.62,75427.31,C8427782788,42201.34,63473.649999999994,0,0
9337,CASH_IN,3328.6,C1502182771,85829.9,82501.29999999999,C6836863863,137658.6,140987.2,0,0
46427,CASH_IN,30401.6,C8224792828,14979.17,0.0,C4471870418,43944.55,74346.15,0,0
61529,TRANSFER,65319.75,C5883762029,21232.07,0.0,C6961665748,87734.34,153054.09,0,0
84665,CASH_OUT,93831.1,C8010409496,167494.5,73663.4,C6989551507,156400.37,250231.47,0,0
31921,CASH_IN,87121.74,C3506564567,47963.99,0.0,C8699555968,156790.5,243912.24,0,0
33307,PAYMENT,76608.82,C2675553657,38991.65,0.0,C6493882237,90652.35,167261.17,0,0
27355,CASH_IN,78846.85,C2525278789,100982.29,22135.439999999988,C3776117015,158437.99,237284.84,0,0
4835,TRANSFER,66501.84,C1194343786,153749.43,87247.59,C9045808931,167724.36,234226.19999999998,0,0
20159,TRANSFER,26036.08,C9655118806,12389.3,0.0,C1178859722,130955.15,156991.22999999998,0,0
47605,CASH_OUT,90720.43,C5749603476,115361.58,24641.15000000001,C3609071311,45685.17,136405.59999999998,0,0
38088,CASH_IN,67076.52,C7541849447,23842.09,0.0,C5481512129,54802.36,121878.88,0,0
78752,PAYMENT,56048.46,C7702639241,7292.21,0.0,C9056338752,62968.23,119016.69,0,0
55284,PAYMENT,11107.84,C5048690355,10548.79,0.0,C4231300170,23360.82,34468.66,0,0
57043,DEBIT,44711.08,C1355339975,166832.82,122121.74,C9665719970,54631.92,99343.0,0,0
35547,PAYMENT,46041.22,C4350024383,23594.5,0.0,C3274497360,41903.84,87945.06,0,0
82844,CASH_OUT,86457.72,C1424073081,9030.27,0.0,C7016742965,91065.75,177523.47,1,1
27532,CASH_OUT,54669.36,C1324961972,87579.98,32910.619999999995,C7078501579,181687.51,236356.87,0,0
34349,PAYMENT,38046.25,C3512892773,168798.69,130752.44,C6514214815,20896.06,58942.31,0,0
45445,PAYMENT,97680.26,C1971844804,52481.68,0.0,C6937725545,144053.58,241733.83999999997,0,0
5713,DEBIT,11080.95,C4846993466,84342.52,73261.57,C6602884432,137456.6,148537.55000000002,0,0
56178,PAYMENT,42260.62,C4005210983,7984.51,0.0,C5401738103,19150.84,61411.46000000001,0,0
49407,DEBIT,4212.05,C9003524362,89815.7,85603.65,C9606745542,184514.48,188726.53,0,0
70340,DEBIT,73993.01,C8685810892,115522.62,41529.61,C2745501717,113694.44,187687.45,0,0
50990,PAYMENT,91808.47,C2057610620,114181.41,22372.940000000002,C8951106157,72745.1,164553.57,0,0
75672,TRANSFER,28010.93,C7114091739,66485.34,38474.409999999996,C4429463680,151307.72,179318.65,0,0
65545,TRANSFER,85835.58,C8703327325,63106.64,0.0,C2147466067,51473.09,137308.66999999998,0,0
84791,DEBIT,29228.9,C1136487526,21324.72,0.0,C2050293202,138701.97,167930.87,0,0
58141,PAYMENT,91077.91,C2031095991,73359.66,0.0,C2884063743,7942.24,99020.15000000001,0,0
23793,TRANSFER,75398.65,C1592212728,19898.93,0.0,C6232443537,167881.61,243280.25999999998,0,0
56570,PAYMENT,80492.63,C9150746537,153319.19,72826.56,C9643955878,89634.17,170126.8,0,0
37892,PAYMENT,1810.48,C4200521550,193254.86,191444.37999999998,C1661267077,127338.58,129149.06,0,0
1015,PAYMENT,96281.41,C1328306709,194014.89,97733.48000000001,C6341386990,44247.56,140528.97,0,0
61813,CASH_IN,72669.83,C9142760546,173014.22,100344.39,C3539619087,135414.74,208084.57,0,0
27712,PAYMENT,30482.06,C4409900751,120158.43,89676.37,C4808952690,154448.06,184930.12,0,0
8415,CASH_IN,82941.17,C9812353296,140173.14,57231.970000000016,C4817603558,94642.64,177583.81,0,0
62292,DEBIT,28159.3,C3393630709,57041.16,28881.860000000004,C1150998140,123545.38,151704.68,0,0
23833,TRANSFER,87276.66,C5965136012,126154.08,38877.42,C3469908671,91265.18,178541.84,0,0
4158,TRANSFER,11266.91,C4584540837,91129.91,79863.0,C8673317589,178818.27,190085.18,0,0
62680,TRANSFER,70371.56,C2539035631,96403.47,26031.910000000003,C5369218887,99573.84,169945.4,0,0
20309,TRANSFER,54074.44,C9215810476,151555.31,97480.87,C3360877436,168361.74,222436.18,0,0
6970,TRANSFER,9662.48,C7724579490,56383.67,46721.19,C4684068929,160270.41,169932.89,0,0
72474,TRANSFER,24196.96,C6079539213,63607.92,39410.96,C7331220206,82100.96,106297.92000000001,0,0
46540,TRANSFER,1250.28,C3475930254,184928.36,183678.08,C5342269290,46016.9,47267.18,0,0
20384,DEBIT,46882.11,C8567232508,11244.86,0.0,C2789438153,81216.43,128098.54,0,0
18017,PAYMENT,30133.51,C2184369054,97126.86,66993.35,C1763987916,165243.48,195376.99000000002,0,0
75880,CASH_OUT,59839.76,C1877233143,182560.16,122720.4,C9111188732,45526.51,105366.27,0,0
8702,CASH_IN,29730.81,C9661902395,122072.6,92341.79000000001,C5908485807,104887.27,134618.08000000002,1,1
384,CASH_OUT,29998.91,C8212105412,109281.41,79282.5,C4282435641,161219.35,191218.26,0,0
404,CASH_OUT,74321.89,C5623825465,49948.84,0.0,C4665606630,70695.5,145017.39,0,0
40943,PAYMENT,4823.8,C2807155606,68655.1,63831.3,C4166992777,128441.93,133265.72999999998,0,0
47926,PAYMENT,90290.47,C3584205217,170409.68,80119.20999999999,C4789044777,49126.31,139416.78,0,0
29189,PAYMENT,85227.86,C9319819566,111843.63,26615.770000000004,C2863534984,21855.89,107083.75,0,0
12763,TRANSFER,66783.79,C2339179993,102948.44,36164.65000000001,C4113555780,158876.85,225660.64,0,0
18384,DEBIT,59326.22,C8104563770,19915.94,0.0,C1490415609,19793.72,79119.94,0,0
60100,TRANSFER,89231.33,C6721367939,3205.63,0.0,C7521129279,54276.28,143507.61,0,0
9860,DEBIT,18541.16,C4986167032,192737.04,174195.88,C3522639574,171021.88,189563.04,0,0
80642,DEBIT,7906.13,C8923623373,75397.23,67491.09999999999,C1754109402,69293.86,77199.99,0,0
50612,CASH_OUT,23958.62,C1961997702,120642.61,96683.99,C1762605445,194609.07,218567.69,0,0
23574,CASH_OUT,79459.88,C9779086574,15943.01,0.0,C3569195744,195946.87,275406.75,0,0
23524,DEBIT,3476.68,C3784151970,136622.86,133146.18,C5571995940,53655.2,57131.88,0,0
69172,DEBIT,58284.86,C2881954684,186513.34,128228.48,C3336590909,8195.64,66480.5,1,1
10916,TRANSFER,99543.8,C4862293830,115133.05,15589.25,C3404304313,141012.66,240556.46000000002,0,0
4809,TRANSFER,85571.05,C2907460450,25223.06,0.0,C7528845987,90197.3,175768.35,0,0
32201,CASH_OUT,52149.35,C3283466693,116344.31,64194.96,C6528659491,20150.57,72299.92,0,0
53330,PAYMENT,6373.45,C7604727423,153269.44,146895.99,C5509134031,141504.56,147878.01,0,0
13456,DEBIT,83139.04,C6489395620,81283.31,0.0,C7886568651,6234.98,89374.01999999999,0,0
56397,TRANSFER,59901.86,C9715155151,175967.55,116065.68999999999,C5359488612,174039.34,233941.2,1,1
38765,CASH_OUT,11502.15,C5966200707,129736.59,118234.44,C2343093374,27730.51,39232.659999999996,0,0
34816,TRANSFER,9394.79,C1945273689,179849.78,170454.99,C7821025289,25462.38,34857.17,0,0
45106,DEBIT,90963.59,C4049919681,124701.06,33737.47,C5888888998,35134.46,126098.04999999999,0,0
53932,DEBIT,66923.33,C6659455623,26257.59,0.0,C7125148928,192053.27,258976.59999999998,0,0
17100,CASH_IN,82930.39,C2344540134,61938.34,0.0,C3572183310,138633.87,221564.26,0,0
57091,PAYMENT,87899.1,C4592733633,40358.99,0.0,C2718114195,160274.31,248173.41,0,0
21949,CASH_IN,57181.52,C6654697084,181765.3,124583.78,C8637908822,79527.0,136708.52,1,1
70080,CASH_OUT,51749.46,C2227070415,152080.01,100330.55000000002,C5042486305,67262.55,119012.01000000001,0,0
37744,TRANSFER,43048.44,C9982383389,135279.67,92231.23000000001,C7057161446,46896.8,89945.24,0,0
45543,CASH_OUT,31701.49,C6647133925,60193.26,28491.77,C2430037769,96129.61,127831.1,0,0
36187,DEBIT,43465.25,C5479875953,36808.95,0.0,C5831651667,110365.75,153831.0,0,0
7239,CASH_IN,77390.23,C4354214260,151290.22,73899.99,C1457634124,126354.97,203745.2,0,0
14489,CASH_IN,60196.32,C2710375334,94831.59,34635.27,C3956473476,51423.7,111620.01999999999,0,0
58017,CASH_IN,89253.4,C3826324630,45157.91,0.0,C2093763611,189730.82,278984.22,0,0
61877,CASH_OUT,44343.57,C1034613597,123324.4,78980.82999999999,C1423849825,33951.7,78295.26999999999,0,0
43125,DEBIT,60712.89,C9345872311,8066.77,0.0,C3490245005,193130.63,253843.52000000002,0,0
49922,TRANSFER,63134.44,C6313495036,65234.05,2099.6100000000006,C6863609311,2971.22,66105.66,0,0
32049,TRANSFER,59173.8,C5757166699,93711.4,34537.59999999999,C8835171335,96225.14,155398.94,0,0
37131,CASH_OUT,70266.35,C6366574862,29591.67,0.0,C3425975500,66673.57,136939.92,0,0
42944,CASH_IN,23750.97,C4872269513,196930.9,173179.93,C1428481221,89824.68,113575.65,0,0
73963,PAYMENT,51241.25,C3992282719,41819.47,0.0,C5529094110,114132.92,165374.16999999998,0,0
24285,CASH_OUT,10431.44,C1905749458,26070.63,15639.19,C3862706634,87117.83,97549.27,0,0
37626,CASH_OUT,38457.29,C4681610143,40706.97,2249.6800000000003,C3184780929,82969.37,121426.66,0,0
42808,DEBIT,48771.83,C8818673655,153812.23,105040.40000000001,C1234995584,146544.68,195316.51,0,0
53871,TRANSFER,65225.9,C7187216162,85101.13,19875.230000000003,C9313979769,137175.26,202401.16,0,0
19198,CASH_OUT,95053.6,C5863640768,113083.19,18029.589999999997,C3566729090,166654.26,261707.86000000002,0,0
19758,CASH_OUT,60069.1,C2851061777,4201.83,0.0,C4476464597,49991.8,110060.9,0,0
15254,CASH_IN,74361.96,C2307785466,6886.26,0.0,C9298431265,121905.7,196267.66,0,0
44238,CASH_IN,50631.54,C1850813768,89165.11,38533.57,C8506316565,117038.96,167670.5,0,0
1252,PAYMENT,63414.06,C9872080073,163331.05,99916.98999999999,C6300430577,73947.56,137361.62,0,0
39764,DEBIT,7102.51,C8629109528,177047.78,169945.27,C5552343901,97211.51,104314.01999999999,0,0
77709,PAYMENT,25446.61,C3428460279,17341.31,0.0,C7518040095,62756.43,88203.04000000001,0,0
37441,CASH_IN,36191.69,C4423995465,107672.62,71480.93,C5829408143,28368.88,64560.57000000001,0,0
53682,TRANSFER,47254.61,C8405522409,182645.94,135391.33000000002,C2245217351,42760.24,90014.85,0,0
59494,CASH_IN,4574.42,C3965269997,77594.55,73020.13,C2664835086,21102.73,25677.15,0,0
81317,DEBIT,14011.01,C6757596253,165913.17,151902.16,C2388108715,136613.92,150624.93000000002,0,0
65215,CASH_IN,27688.66,C1225018904,26739.13,0.0,C6855425860,132145.48,159834.14,0,0
78587,DEBIT,97153.55,C5980551010,187078.9,89925.34999999999,C6971241106,190121.27,287274.82,0,0
6949,DEBIT,33141.39,C5624852745,150284.66,117143.27,C2240555818,145935.68,179077.07,1,1
55393,DEBIT,48209.29,C5072709333,188266.88,140057.59,C3539836241,10409.17,58618.46,0,0
73553,DEBIT,19617.81,C2308257158,135323.45,115705.64000000001,C4088939185,176849.03,196466.84,0,0
6941,DEBIT,61081.9,C9276042705,72680.79,11598.889999999992,C8495755105,172535.03,233616.93,0,0
25934,TRANSFER,28075.51,C6212793850,187636.23,159560.72,C7504523677,88664.06,116739.56999999999,0,0
23386,PAYMENT,20707.19,C1041604850,55113.36,34406.17,C2421599597,117172.61,137879.8,0,0
61886,CASH_OUT,51662.1,C8979856354,66434.5,14772.400000000001,C6625830134,195215.67,246877.77000000002,0,0
75745,PAYMENT,560.52,C4140296890,140161.68,139601.16,C2723366725,106460.87,107021.39,0,0
83251,DEBIT,776.33,C9361253519,153063.26,152286.93000000002,C8967500995,181064.37,181840.69999999998,0,0
53413,TRANSFER,21914.69,C8651980216,185880.7,163966.01,C7150043246,16607.75,38522.44,0,0
56800,CASH_IN,3681.77,C3431874947,40960.48,37278.71000000001,C3962770194,38210.37,41892.14,0,0
42318,TRANSFER,10811.5,C9616810229,159599.61,148788.11,C3587464882,88150.99,98962.49,0,0
70173,DEBIT,33892.68,C5560764377,147709.21,113816.53,C1460621637,116951.36,150844.04,0,0
70390,TRANSFER,80260.54,C6130113598,12758.91,0.0,C9555895960,163245.57,243506.11,0,0
52329,TRANSFER,57209.14,C5996492842,77444.63,20235.490000000005,C6266281015,197652.42,254861.56,0,0
43088,DEBIT,51271.65,C1952546366,56553.09,5281.439999999995,C9043744600,77770.3,129041.95000000001,0,0
39811,TRANSFER,29355.95,C2363886544,60898.08,31542.13,C6299658153,9483.13,38839.08,0,0
55479,CASH_OUT,93176.05,C1376201735,196589.38,103413.33,C1861708259,160234.3,253410.34999999998,0,0
85392,CASH_OUT,39707.53,C1386187353,128555.48,88847.95,C2352708824,120876.14,160583.66999999998,0,0
19963,TRANSFER,8718.41,C3690612398,143535.23,134816.82,C6610940097,39708.57,48426.979999999996,0,0
55123,CASH_IN,61710.48,C6496467094,195323.53,133613.05,C4147516702,98965.69,160676.17,0,0
73477,DEBIT,11392.7,C8141655622,75440.36,64047.66,C2444432287,148462.05,159854.75,0,0
14388,CASH_OUT,34528.86,C4739344051,160368.03,125839.17,C6706312161,154082.36,188611.21999999997,0,0
5569,CASH_IN,50746.12,C4124714268,86906.19,36160.07,C3054212719,99923.68,150669.8,0,0
69836,TRANSFER,87423.51,C7669063603,173906.73,86483.22000000002,C6070796005,61042.91,148466.41999999998,0,0
36586,CASH_IN,49359.72,C6190847508,36131.51,0.0,C1042002112,194748.52,244108.24,0,0
12015,PAYMENT,70228.85,C6783425854,189537.24,119308.38999999998,C1322650441,132672.52,202901.37,0,0
45002,CASH_OUT,99281.76,C5834267359,43754.34,0.0,C5315945902,81647.5,180929.26,0,0
6254,TRANSFER,13157.6,C4553469365,65244.1,52086.5,C5751430027,56092.64,69250.24,0,0
17144,DEBIT,27480.41,C2449690898,151238.45,123758.04000000001,C4616291728,146220.6,173701.01,0,0
24214,TRANSFER,39463.66,C2058794922,78751.03,39287.369999999995,C8126885706,48436.69,87900.35,1,1
80719,DEBIT,42188.6,C9486995829,121642.28,79453.68,C3193366696,34342.0,76530.6,0,0
71774,TRANSFER,41108.0,C2480980323,88914.7,47806.7,C8880833043,105966.78,147074.78,0,0
6090,CASH_IN,90762.02,C6743706803,148473.99,57711.96999999999,C7371164080,57997.48,148759.5,0,0
11637,CASH_IN,71406.12,C9053570675,45666.25,0.0,C5774439966,125781.03,197187.15,0,0
22415,CASH_IN,60794.44,C1606052499,11691.6,0.0,C5790619239,23587.73,84382.17,0,0
24071,PAYMENT,30944.18,C3343257375,59985.88,29041.699999999997,C8737553081,130988.22,161932.4,0,0
58243,DEBIT,82380.8,C5489506308,94861.73,12480.929999999993,C7363376920,56659.31,139040.11,0,0
41240,CASH_IN,95506.5,C7593429066,33604.01,0.0,C2177178339,48.59,95555.09,1,1
83807,PAYMENT,82121.62,C1352289045,70959.46,0.0,C4440973453,25387.21,107508.82999999999,0,0
33434,DEBIT,166.49,C5445030211,79996.6,79830.11,C9174765917,186723.08,186889.56999999998,0,0
69724,TRANSFER,63643.77,C5250971435,11478.37,0.0,C1299319243,173470.93,237114.69999999998,0,0
75697,PAYMENT,5123.03,C5423907916,116661.45,111538.42,C1250042335,46721.81,51844.84,1,0
28732,CASH_OUT,25768.15,C7204201608,176868.69,151100.54,C4652919731,155674.38,181442.53,0,0
11314,PAYMENT,5961.87,C7462289502,30348.58,24386.710000000003,C3818267516,121714.32,127676.19,0,0
23954,PAYMENT,60383.51,C6805958302,119561.6,59178.090000000004,C2641696771,194180.94,254564.45,0,0
57108,DEBIT,68662.13,C3177902420,132947.84,64285.70999999999,C4100893999,74721.13,143383.26,0,0
36668,TRANSFER,11457.62,C3739767710,83866.94,72409.32,C8104209001,136292.12,147749.74,0,0
23061,CASH_OUT,38390.05,C4298558239,140219.52,101829.46999999999,C3197264934,12707.14,51097.19,0,0
79252,CASH_IN,45629.09,C7160535738,82146.31,36517.22,C9819538007,79249.47,124878.56,0,0
39749,CASH_IN,36911.61,C7952573121,100927.46,64015.850000000006,C1211954764,192763.53,229675.14,0,0
16907,PAYMENT,12111.29,C3150537055,1470.61,0.0,C7740240923,107796.17,119907.45999999999,0,0
18777,DEBIT,41900.59,C5396038566,138344.02,96443.43,C2643809345,57575.9,99476.48999999999,0,0
51745,DEBIT,75120.29,C2845216158,132268.54,57148.250000000015,C8547069821,24054.19,99174.48,0,0
81818,CASH_IN,7110.06,C1554800010,7680.18,570.1199999999999,C6607717580,140705.67,147815.73,0,0
23624,CASH_OUT,8027.2,C7543814510,73650.02,65622.82,C7841808584,128971.21,136998.41,1,0
23321,TRANSFER,35483.58,C6384102795,195806.37,160322.78999999998,C3309333133,74787.74,110271.32,0,0
10488,CASH_OUT,94173.15,C3114121674,84147.31,0.0,C1020239727,190188.27,284361.42,0,0
22574,TRANSFER,66860.58,C3800718382,100389.08,33528.5,C4789170839,4440.56,71301.14,0,0
5240,CASH_IN,67870.21,C8694277318,181986.03,114115.81999999999,C5926391741,60744.77,128614.98000000001,0,0
43221,TRANSFER,36198.38,C7882555497,143452.38,107254.0,C4053267901,184213.9,220412.28,0,0
10478,DEBIT,59370.14,C6531193290,116414.03,57043.89,C6338409680,64187.09,123557.23,0,0
55645,PAYMENT,1023.02,C1580164802,159560.94,158537.92,C2257621680,50450.57,51473.59,0,0
19262,PAYMENT,63613.24,C9115669786,172873.25,109260.01000000001,C5161685277,106844.08,170457.32,0,0
52796,CASH_IN,91329.56,C5054141109,91377.61,48.05000000000291,C8264085782,164760.35,256089.91,0,0
4432,DEBIT,61261.22,C8584177968,95021.67,33760.45,C9172589661,20629.35,81890.57,0,0
64291,CASH_OUT,87371.12,C6918897747,77210.19,0.0,C4652566828,188604.14,275975.26,0,0
79104,DEBIT,72400.07,C5910845723,193341.23,120941.16,C7074488270,159014.58,231414.65,0,0
59399,PAYMENT,12064.64,C1078967903,139433.25,127368.61,C7773438527,36250.05,48314.69,0,0
79714,PAYMENT,90246.31,C2993151241,16644.61,0.0,C8055033261,142401.59,232647.9,0,0
50428,DEBIT,6653.72,C3839577591,172591.92,165938.2,C6551309739,76991.74,83645.46,0,0
302,DEBIT,53401.41,C3801329525,96111.99,42710.58,C2518593587,80458.94,133860.35,0,0
82558,PAYMENT,14222.29,C6373348142,13750.78,0.0,C5863917143,156658.02,170880.31,0,0
55,CASH_OUT,1180.54,C3793555189,109943.45,108762.91,C3887432018,192556.96,193737.5,0,0
8717,CASH_IN,42209.21,C5818985144,83432.86,41223.65,C7479782549,25331.17,67540.38,0,0
28699,CASH_IN,29511.12,C5281692495,175549.88,146038.76,C6693847624,84126.05,113637.17,0,0
73686,DEBIT,48605.19,C6082889375,40798.92,0.0,C7324665144,96188.32,144793.51,0,0
67661,CASH_IN,57724.22,C7846787160,165292.92,107568.70000000001,C9762941500,75262.36,132986.58000000002,1,1
44247,PAYMENT,4383.47,C7061807627,111537.74,107154.27,C4456730631,72637.82,77021.29000000001,0,0
16748,PAYMENT,12309.1,C3674614793,10922.06,0.0,C8275144322,10453.73,22762.83,0,0
4621,DEBIT,55868.65,C8911397039,194369.06,138500.41,C5980584757,137107.72,192976.37,0,0
15034,DEBIT,34323.3,C3889856434,102523.05,68199.75,C9144467235,87242.88,121566.18000000001,0,0
5126,DEBIT,72920.06,C7003866817,58175.37,0.0,C7032243182,38958.76,111878.82,0,0
5122,CASH_OUT,65232.64,C4461653006,93881.37,28648.729999999996,C2956897105,163206.7,228439.34000000003,0,0
18030,CASH_IN,84561.98,C1106017638,171571.56,87009.58,C4525481958,160512.15,245074.13,0,0
82838,DEBIT,69252.36,C7643010157,60980.62,0.0,C2583566980,97278.33,166530.69,0,0
84717,TRANSFER,42998.81,C8901968228,38535.28,0.0,C2662939511,59690.13,102688.94,0,0
55658,TRANSFER,67299.93,C5842514135,25814.25,0.0,C2486524686,127618.55,194918.47999999998,0,0
38638,PAYMENT,27545.36,C8731827361,59571.88,32026.519999999997,C1434977654,57630.43,85175.79000000001,0,0
67067,CASH_IN,30638.29,C8665527422,156009.62,125371.32999999999,C9656499016,47201.59,77839.88,0,0
34674,DEBIT,78900.63,C2322361951,94325.27,15424.64,C6011214376,146102.93,225003.56,0,0
35854,TRANSFER,44647.49,C4597167532,45496.32,848.8300000000017,C8340645398,8065.05,52712.54,0,0
46271,CASH_IN,79840.05,C7791182629,33237.0,0.0,C9680377082,18953.69,98793.74,0,0
73688,PAYMENT,82244.01,C9940692879,66545.9,0.0,C1156446095,1357.63,83601.64,0,0
38518,CASH_OUT,85757.66,C7194917094,187984.87,102227.20999999999,C4876388876,30588.64,116346.3,0,0
10267,CASH_IN,91664.36,C9772341453,68605.34,0.0,C8473319523,13798.0,105462.36,0,0
1062,CASH_IN,43104.21,C8235414411,197624.82,154520.61000000002,C2330294161,199160.47,242264.68,0,0
50448,CASH_OUT,31893.49,C4596017238,97046.09,65152.59999999999,C4008430732,57761.99,89655.48,0,0
6229,CASH_IN,58224.05,C5842015036,35832.78,0.0,C1327716558,29853.6,88077.65,0,0
56793,PAYMENT,37123.53,C2978561845,178228.02,141104.49,C7944467139,48199.25,85322.78,0,0
47915,PAYMENT,60111.41,C6661892356,92071.07,31959.660000000003,C1012505751,187225.11,247336.52,0,0
4632,CASH_OUT,70561.53,C4840839450,141934.27,71372.73999999999,C6409080675,104032.04,174593.57,1,1
3596,DEBIT,68843.62,C1058557684,196742.32,127898.70000000001,C2950836076,72963.62,141807.24,0,0
6168,TRANSFER,37461.54,C3380943835,10035.07,0.0,C9576223837,174678.29,212139.83000000002,0,0
7561,DEBIT,16694.35,C5690528445,19338.91,2644.5600000000013,C4706402366,78998.05,95692.4,0,0
73794,CASH_IN,43058.63,C3375597852,144091.35,101032.72,C3172277770,67001.71,110060.34,0,0
82152,TRANSFER,14267.99,C8783589374,56365.0,42097.01,C9301189425,41456.5,55724.49,0,0
26734,CASH_OUT,89010.8,C2649450590,36860.28,0.0,C5631379454,75559.36,164570.16,0,0
6371,CASH_OUT,34594.29,C8156565953,7872.38,0.0,C3955877730,63336.87,97931.16,0,0
26069,TRANSFER,15454.43,C5247016260,4369.34,0.0,C4415735309,135460.79,150915.22,0,0
79905,PAYMENT,2554.52,C2674606663,154897.12,152342.6,C1581944528,57916.54,60471.06,1,0
12910,TRANSFER,64585.78,C9937992799,26886.69,0.0,C2922298298,115439.95,180025.72999999998,0,0
73479,CASH_IN,63693.86,C1376453173,93544.12,29850.259999999995,C2299997288,13178.43,76872.29000000001,0,0
77735,PAYMENT,34067.01,C5577626639,121179.36,87112.35,C7285905501,38257.83,72324.84,0,0
81264,CASH_OUT,7180.47,C7287034306,85670.36,78489.89,C9108202127,81481.05,88661.52,0,0
23275,TRANSFER,40968.79,C2374506878,5421.33,0.0,C2954743681,187389.85,228358.64,0,0
72274,DEBIT,31128.64,C7341352884,156700.3,125571.65999999999,C7682591213,75450.4,106579.04,0,0
81449,DEBIT,67715.29,C3100392641,2102.64,0.0,C2735064921,132814.82,200530.11,0,0
60004,CASH_IN,60581.87,C4691766611,152377.98,91796.11000000002,C7271155544,51017.44,111599.31,0,0
62981,DEBIT,36465.73,C7838882311,178660.9,142195.16999999998,C6513644974,25406.72,61872.450000000004,0,0
84659,TRANSFER,21797.08,C3983515247,86567.98,64770.899999999994,C8017104604,11707.32,33504.4,0,0
54553,TRANSFER,98803.72,C2102704915,107108.49,8304.770000000004,C6335609217,61082.7,159886.41999999998,0,0
48447,DEBIT,45405.62,C4453564582,95396.68,49991.05999999999,C1057593159,31532.21,76937.83,0,0
34529,TRANSFER,68830.54,C9567103250,77841.72,9011.180000000008,C8755028572,34802.09,103632.62999999999,0,0
75703,CASH_IN,14063.89,C5692253658,177484.91,163421.02000000002,C1250290499,152151.86,166215.75,0,0
76090,PAYMENT,48564.11,C4351568554,178786.7,130222.59000000001,C3452826457,3167.61,51731.72,0,0
17260,CASH_IN,2763.4,C3893526924,67163.27,64399.87,C1038648934,111562.03,114325.43,0,0
3812,CASH_IN,50550.46,C6615797723,123013.95,72463.48999999999,C9753040137,75892.28,126442.73999999999,0,0
28024,TRANSFER,96402.1,C4420978028,185381.51,88979.41,C5271749530,101310.0,197712.1,0,0
58656,PAYMENT,38426.83,C6293724714,192411.7,153984.87,C1185415006,112566.05,150992.88,0,0
27285,TRANSFER,3909.21,C7543655769,101791.81,97882.59999999999,C8895665628,62673.54,66582.75,0,0
1605,CASH_OUT,3105.27,C6575192470,90564.96,87459.69,C8104863662,59021.77,62127.03999999999,0,0
71158,TRANSFER,38804.8,C9876382646,55738.86,16934.059999999998,C6477929702,146680.37,185485.16999999998,0,0
72303,TRANSFER,16010.89,C5501522186,191774.37,175763.47999999998,C5156411461,174255.4,190266.28999999998,0,0
27139,TRANSFER,2344.98,C6564838953,28562.86,26217.88,C5287382477,38516.33,40861.310000000005,0,0
77149,PAYMENT,75623.8,C7542150241,115965.92,40342.119999999995,C6116210229,19523.75,95147.55,0,0
56138,TRANSFER,45857.72,C7865913715,56510.05,10652.330000000002,C8147257960,179559.16,225416.88,0,0
76125,PAYMENT,28931.58,C8099364720,55801.66,26870.08,C7562913801,69979.09,98910.67,0,0
13918,DEBIT,90009.32,C5956046555,80993.72,0.0,C6205692964,110263.48,200272.8,0,0
85655,CASH_OUT,11622.73,C5196319074,199758.59,188135.86,C8251628330,71908.63,83531.36,0,0
27446,PAYMENT,95592.32,C9133101486,10993.26,0.0,C1046378726,25160.47,120752.79000000001,0,0
13046,DEBIT,31403.53,C5280216899,115708.36,84304.83,C8305787772,117866.33,149269.86,0,0
24818,PAYMENT,88841.48,C4008331659,16514.43,0.0,C3112556199,105028.17,193869.65,0,0
4324,PAYMENT,60298.26,C8604012901,30904.17,0.0,C5649015513,40598.71,100896.97,0,0
76323,CASH_OUT,82672.47,C6743671947,87912.59,5240.119999999995,C8583419040,90373.81,173046.28,0,0
9111,CASH_IN,98401.48,C3275104164,102092.03,3690.550000000003,C3056008248,159389.5,257790.97999999998,0,0
38110,CASH_IN,28847.66,C8440551732,51758.48,22910.820000000003,C6035201521,118085.22,146932.88,0,0
16389,PAYMENT,96113.94,C5188366092,63291.43,0.0,C7674921031,19383.47,115497.41,0,0
41427,TRANSFER,38954.29,C4578585468,17393.4,0.0,C7559047709,109604.3,148558.59,0,0
79579,DEBIT,38557.34,C6596417589,60643.96,22086.620000000003,C9236710634,140547.66,179105.0,0,0
28746,TRANSFER,34045.31,C5151289971,193311.69,159266.38,C1848036204,158540.68,192585.99,0,0
117,TRANSFER,54145.35,C7992720131,188941.48,134796.13,C5226758430,125823.52,179968.87,0,0
84471,PAYMENT,15422.96,C3903848966,66975.66,51552.700000000004,C4325383353,30531.63,45954.59,0,0
13234,PAYMENT,55375.61,C6614548601,114170.79,58795.17999999999,C3025777940,142034.65,197410.26,0,0
53441,PAYMENT,54175.06,C7659225576,181919.08,127744.01999999999,C7466744829,135468.37,189643.43,0,0
846,PAYMENT,76192.56,C8798670232,1236.76,0.0,C1331332564,4885.38,81077.94,0,0
10954,CASH_IN,83366.66,C7299549212,162136.71,78770.04999999999,C2315101471,82349.53,165716.19,0,0
79239,PAYMENT,44049.73,C9919456608,189673.91,145624.18,C2027608987,66590.05,110639.78,0,0
46514,CASH_IN,30240.3,C5557409826,18265.15,0.0,C8818854881,133882.41,164122.71,0,0
6469,CASH_IN,25940.9,C7439457115,32289.54,6348.639999999999,C7479075986,43227.16,69168.06,0,0
30105,PAYMENT,19470.44,C1456715202,192149.26,172678.82,C4165663699,118174.38,137644.82,0,0
42101,CASH_OUT,5774.18,C9336738803,107508.03,101733.85,C5596050853,182641.19,188415.37,0,0
64323,DEBIT,34251.37,C4748025004,2839.33,0.0,C9008144081,159560.47,193811.84,0,0
58067,TRANSFER,27032.07,C9590735717,51526.4,24494.33,C3624325599,184291.55,211323.62,0,0
49376,CASH_IN,96642.07,C7931988986,89988.73,0.0,C8542965837,195701.19,292343.26,0,0
45587,DEBIT,55775.31,C7250822975,138581.78,82806.47,C4512641834,2134.03,57909.34,0,0
36976,CASH_OUT,34734.23,C8432408582,146632.08,111897.84999999998,C9426245804,124548.26,159282.49,0,0
67584,TRANSFER,58050.96,C5876314448,199084.3,141033.34,C6689566108,82567.88,140618.84,0,0
78477,TRANSFER,13928.28,C6143821296,57502.24,43573.96,C5215285315,171970.9,185899.18,0,0
42533,CASH_IN,44409.93,C1775319881,107644.02,63234.090000000004,C2352077434,50362.94,94772.87,0,0
1828,PAYMENT,62627.17,C6422269880,106664.71,44037.54000000001,C3085196483,196205.9,258833.07,0,0
1917,CASH_OUT,48894.89,C1477637937,81129.05,32234.160000000003,C7347959704,122741.59,171636.47999999998,0,0
20618,CASH_IN,40183.86,C9023726042,33832.38,0.0,C1622480472,158707.48,198891.34000000003,0,0
32254,CASH_OUT,99384.9,C1698095339,195491.31,96106.41,C2094218437,17119.91,116504.81,0,0
47362,PAYMENT,88032.67,C3901771451,170663.44,82630.77,C9222827207,36691.58,124724.25,0,0
20128,PAYMENT,62344.36,C5458546691,99666.61,37322.25,C4253116049,151680.73,214025.09000000003,0,0
59383,CASH_IN,56942.04,C3662744707,120649.08,63707.04,C8548612864,4397.3,61339.340000000004,0,0
65545,PAYMENT,62069.84,C6218026755,45452.21,0.0,C4477937391,163375.6,225445.44,0,0
82180,DEBIT,20139.2,C1180234310,108757.41,88618.21,C1964475556,2789.8,22929.0,0,0
9865,TRANSFER,39519.82,C6856812209,138994.03,99474.20999999999,C8448804690,131423.77,170943.59,0,0
2219,CASH_IN,3955.56,C1423459004,103033.41,99077.85,C9053010790,73018.78,76974.34,0,0
39809,CASH_OUT,47559.85,C2092043671,198057.03,150497.18,C5650325605,122298.97,169858.82,0,0
5287,DEBIT,54307.03,C7571172595,122268.33,67961.3,C9225220272,139206.28,193513.31,0,0
34387,CASH_IN,22782.7,C5932170104,74194.74,51412.04000000001,C2259922770,68495.04,91277.73999999999,0,0
8512,PAYMENT,96403.24,C6034071195,154430.41,58027.17,C7402483460,21592.49,117995.73000000001,0,0
1342,PAYMENT,90946.37,C3249117222,34092.5,0.0,C9347497190,13929.17,104875.54,0,0
63076,PAYMENT,72217.1,C7313238447,76903.16,4686.059999999998,C4745903638,117787.2,190004.3,0,0
19216,PAYMENT,53343.33,C6647926549,69391.79,16048.459999999992,C8652065960,104131.07,157474.40000000002,0,0
79767,CASH_OUT,86998.22,C6840271139,86361.42,0.0,C1434495248,148440.2,235438.42,0,0
26614,DEBIT,13073.93,C6613403225,156355.97,143282.04,C5180696654,101947.1,115021.03,0,0
36258,TRANSFER,79053.07,C1838365438,96834.61,17781.539999999994,C7179103756,84489.16,163542.23,0,0
42078,CASH_OUT,12490.83,C2387702654,158802.89,146312.06000000003,C5157398617,79617.44,92108.27,0,0
83524,CASH_OUT,79423.12,C9537319257,115297.78,35874.66,C6390966619,5289.38,84712.5,0,0
12219,TRANSFER,27584.0,C2692801413,68413.89,40829.89,C3346729193,67111.44,94695.44,0,0
235,TRANSFER,87710.29,C7886267947,161995.75,74285.46,C6768887799,195204.03,282914.32,0,0
42929,PAYMENT,94404.77,C7311534610,47657.93,0.0,C7706953770,174711.12,269115.89,0,0
67444,CASH_OUT,14888.11,C2815293841,44876.6,29988.489999999998,C4284119142,65875.61,80763.72,0,0
8567,CASH_IN,46272.93,C1045069853,100900.58,54627.65,C4812248762,117559.08,163832.01,0,0
70792,TRANSFER,98098.93,C4844276137,52169.85,0.0,C8532000472,169459.35,267558.28,0,0
65441,TRANSFER,48345.91,C1640554953,1817.41,0.0,C8281733399,88254.87,136600.78,0,0
84555,DEBIT,86356.12,C4375523339,129659.51,43303.39,C5535495389,3591.57,89947.69,0,0
73698,CASH_IN,58877.26,C7948963165,102218.76,43341.49999999999,C6021353024,14902.09,73779.35,0,0
5415,CASH_IN,37539.24,C4753264373,89103.56,51564.32,C2890737912,102078.54,139617.78,0,0
36159,TRANSFER,28585.5,C1055436107,193393.7,164808.2,C4578608362,193887.88,222473.38,0,0
43925,PAYMENT,20330.28,C3434786026,114239.84,93909.56,C9286742381,138641.91,158972.19,0,0
5951,DEBIT,76182.2,C6804829812,172686.32,96504.12000000001,C7994022794,14183.24,90365.44,0,0
8007,CASH_IN,38660.19,C1500187307,27890.05,0.0,C6991243962,37872.18,76532.37,0,0
41832,TRANSFER,51132.43,C5840841489,113841.29,62708.85999999999,C6386022224,154264.63,205397.06,0,0
58596,CASH_IN,49237.62,C4889259705,173595.93,124358.31,C4374423304,168287.95,217525.57,0,0
30523,DEBIT,57732.13,C4587897707,116621.15,58889.02,C8803957632,123538.92,181271.05,0,0
15524,DEBIT,86559.06,C7189694474,143602.84,57043.78,C7050719941,128884.63,215443.69,0,0
19282,CASH_OUT,98074.13,C6430865091,74408.71,0.0,C2403479765,5667.49,103741.62000000001,0,0
23930,TRANSFER,40764.35,C3162717793,18489.9,0.0,C5637078308,165706.05,206470.4,0,0
77,DEBIT,82753.62,C1292526039,91580.06,8826.440000000002,C9798509914,157655.04,240408.66,0,0
20611,CASH_OUT,76455.13,C6232018881,78895.88,2440.75,C7218913779,51807.03,128262.16,0,0
16984,CASH_OUT,57357.16,C7296921513,173412.04,116054.88,C7208971391,141735.34,199092.5,0,0
14060,CASH_IN,95605.15,C2912920566,48799.06,0.0,C1541823417,42970.92,138576.07,0,0
82985,CASH_IN,20055.45,C1062565460,193346.85,173291.4,C5928271423,8066.03,28121.48,0,0
84056,CASH_OUT,10935.33,C6002040998,191627.62,180692.29,C9717650857,40227.31,51162.64,0,0
43303,CASH_IN,85397.66,C1090284985,49526.33,0.0,C8129086800,35725.78,121123.44,0,0
59207,DEBIT,43920.59,C4520196245,69610.39,25689.800000000003,C7148607892,67549.6,111470.19,0,0
75046,PAYMENT,84698.42,C6512006708,179111.15,94412.73,C5263174720,83689.9,168388.32,0,0
29287,DEBIT,89310.09,C7627126522,193324.44,104014.35,C5511672344,101707.78,191017.87,0,0
39711,CASH_OUT,6255.13,C1053004410,88687.82,82432.69,C5744061388,95350.78,101605.91,0,0
11954,CASH_OUT,88347.64,C6948970379,64199.41,0.0,C3265577828,54134.92,142482.56,0,0
73340,DEBIT,44837.42,C5090592604,105218.8,60381.380000000005,C8974089272,5834.13,50671.549999999996,0,0
72101,CASH_IN,51048.14,C1110850498,137553.84,86505.7,C4984331823,121020.32,172068.46000000002,0,0
71520,CASH_IN,62662.99,C3376365191,54694.9,0.0,C2464670475,79148.97,141811.96,0,0
18574,CASH_OUT,92639.0,C5271697090,147294.63,54655.630000000005,C5131178199,59734.43,152373.43,0,0
9184,TRANSFER,1921.42,C1487653364,10331.47,8410.05,C1275963328,173388.21,175309.63,0,0
19096,CASH_IN,47689.58,C4940817222,9858.9,0.0,C3760704256,149348.66,197038.24,0,0
67728,DEBIT,68775.33,C8826886881,77257.54,8482.209999999992,C9142368386,171553.11,240328.44,0,0
34016,CASH_IN,72273.47,C4877340949,70694.64,0.0,C3805417618,98996.56,171270.03,0,0
11246,DEBIT,69256.32,C2937860011,63126.64,0.0,C5149907889,26186.25,95442.57,0,0
45558,CASH_OUT,13452.17,C2419020553,98203.95,84751.78,C8737896776,139244.29,152696.46000000002,0,0
18381,CASH_IN,29946.56,C7246078151,64146.72,34200.16,C3877498928,41214.76,71161.32,0,0
36455,DEBIT,35877.97,C5024074545,38451.58,2573.6100000000006,C3061663793,88245.93,124123.9,0,0
4018,CASH_OUT,80445.68,C4420874427,61893.91,0.0,C5945472804,13000.16,93445.84,0,0
11302,TRANSFER,27883.2,C8545218541,194980.85,167097.65,C7192694441,165061.68,192944.88,0,0
67506,DEBIT,21078.39,C1713286051,82222.68,61144.28999999999,C9613121171,25188.13,46266.520000000004,0,0
41157,TRANSFER,95745.23,C1253857558,88942.56,0.0,C8166173975,180619.5,276364.73,0,0
54917,TRANSFER,896.24,C9791682072,115309.0,114412.76,C5177399487,172846.12,173742.36,0,0
83122,PAYMENT,99782.11,C9280919229,196668.15,96886.04,C7901267535,92916.55,192698.66,0,0
24519,CASH_IN,67685.36,C1391446058,48320.26,0.0,C5810027745,148873.64,216559.0,0,0
56819,DEBIT,82848.65,C6522900763,136256.42,53407.77000000002,C2377538135,123889.01,206737.65999999997,0,0
80910,TRANSFER,29468.99,C8182859578,143196.94,113727.95,C6293839563,160615.13,190084.12,0,0
71324,PAYMENT,1441.38,C1238009435,121464.88,120023.5,C3610034045,86361.02,87802.40000000001,0,0
5408,CASH_OUT,73789.57,C1095427651,17715.67,0.0,C2729459675,157161.7,230951.27000000002,0,0
59379,DEBIT,83416.12,C9540714232,135374.46,51958.34,C1892681998,92491.36,175907.47999999998,0,0
25053,TRANSFER,74050.21,C5472899567,12818.94,0.0,C8788523314,188193.16,262243.37,0,0
9446,CASH_IN,14293.6,C7401255852,119228.53,104934.93,C8136479292,97274.42,111568.02,1,0
922,PAYMENT,75345.26,C1728014532,147916.24,72570.98,C6310025246,92523.85,167869.11,0,0
51356,TRANSFER,76894.59,C1218935443,42193.98,0.0,C7769552798,157014.37,233908.96,0,0
10789,CASH_IN,65857.47,C7947234641,168324.4,102466.93,C1809107450,164315.54,230173.01,0,0
66656,TRANSFER,76613.93,C7819106761,6070.76,0.0,C1241577698,110897.82,187511.75,0,0
44028,DEBIT,84593.68,C6720838318,168762.57,84168.89000000001,C1346640188,35959.56,120553.23999999999,0,0
64484,DEBIT,61364.28,C7991113326,92065.81,30701.53,C9558886228,93551.65,154915.93,0,0
32154,DEBIT,8869.59,C3780810678,43517.59,34648.0,C8660434511,193614.5,202484.09,0,0
82870,PAYMENT,48767.9,C3951911961,26755.63,0.0,C6797361270,150597.24,199365.13999999998,1,1
2336,DEBIT,7774.16,C9425075725,190661.43,182887.27,C1550550858,162232.52,170006.68,0,0
67779,CASH_IN,40760.23,C8431338540,14533.12,0.0,C5822912738,6565.1,47325.33,0,0
19029,TRANSFER,40716.58,C3708910784,39818.68,0.0,C3661025253,93571.89,134288.47,0,0
59201,CASH_OUT,6610.32,C9661556663,69564.47,62954.15,C8196356724,129324.23,135934.55,0,0
32265,CASH_IN,34888.57,C6131513106,124046.97,89158.4,C3773515053,166006.54,200895.11000000002,0,0
